,1P1F,1P2F,2P1F,2P2F,F1,F2,Condicion,Final,Año,Tipo_Cursada,Virtual,Oral,Grupo
0,0.0,0.0,0.0,0.0,-1.0,-1.0,Desaprobado,0,2020,Verano,0,,
1,-1.0,7.0,8.2,-1.0,-1.0,-1.0,Promocionado,8,2020,Verano,0,,
2,0.0,0.0,0.0,0.0,-1.0,-1.0,Desaprobado,0,2020,Verano,0,,
3,0.0,0.0,0.0,0.0,-1.0,-1.0,Desaprobado,0,2020,Verano,0,,
4,-1.0,-1.0,-1.0,-1.0,-1.0,-1.0,Libre,0,2020,Verano,0,,
5,0.0,0.0,0.0,0.0,-1.0,-1.0,Desaprobado,0,2020,Verano,0,,
6,-1.0,-1.0,-1.0,-1.0,-1.0,-1.0,Abandonó,0,2020,Verano,0,,
7,-1.0,-1.0,-1.0,4.2,7.8,-1.0,Promocionado,6,2020,Verano,0,,
8,-1.0,-1.0,-1.0,-1.0,-1.0,-1.0,Abandonó,0,2020,Verano,0,,
9,-1.0,-1.0,-1.0,-1.0,-1.0,-1.0,Abandonó,0,2020,Verano,0,,
10,8.6,-1.0,7.9,-1.0,-1.0,-1.0,Promocionado,8,2020,Verano,0,,
11,7.5,-1.0,7.1,-1.0,-1.0,-1.0,Promocionado,7,2020,Verano,0,,
12,-1.0,8.3,9.5,-1.0,-1.0,-1.0,Promocionado,9,2020,Verano,0,,
13,7.6,-1.0,9.4,-1.0,-1.0,-1.0,Promocionado,9,2020,Verano,0,,
14,6.9,-1.0,8.2,-1.0,-1.0,-1.0,Promocionado,8,2020,Verano,0,,
15,-1.0,-1.0,-1.0,-1.0,-1.0,-1.0,Abandonó,0,2020,Verano,0,,
16,-1.0,8.7,5.9,-1.0,-1.0,-1.0,Promocionado,7,2020,Verano,0,,
17,-1.0,-1.0,7.1,-1.0,-1.0,-1.0,Abandonó,0,2020,Verano,0,,
18,-1.0,-1.0,-1.0,-1.0,-1.0,-1.0,Abandonó,0,2020,Verano,0,,
19,-1.0,6.3,6.5,-1.0,-1.0,-1.0,Promocionado,6,2020,Verano,0,,
20,0.0,0.0,0.0,0.0,-1.0,-1.0,Desaprobado,0,2020,Verano,0,,
21,0.0,0.0,0.0,0.0,-1.0,-1.0,Desaprobado,0,2020,Verano,0,,
22,-1.0,-1.0,-1.0,-1.0,-1.0,-1.0,Abandonó,0,2020,Verano,0,,
23,-1.0,-1.0,-1.0,-1.0,-1.0,-1.0,Libre,0,2020,Verano,0,,
24,-1.0,-1.0,-1.0,-1.0,-1.0,-1.0,Abandonó,0,2020,Verano,0,,
25,-1.0,-1.0,-1.0,-1.0,-1.0,-1.0,Libre,0,2020,Verano,0,,
26,6.6,-1.0,-1.0,6.199999999999999,-1.0,-1.0,Promocionado,6,2020,Verano,0,,
27,-1.0,8.6,5.7,-1.0,-1.0,-1.0,Promocionado,7,2020,Verano,0,,
28,-1.0,-1.0,-1.0,-1.0,-1.0,-1.0,Abandonó,0,2020,Verano,0,,
29,-1.0,-1.0,-1.0,-1.0,-1.0,-1.0,Abandonó,0,2020,Verano,0,,
30,0.0,0.0,0.0,0.0,-1.0,-1.0,Desaprobado,0,2020,Verano,0,,
31,0.0,0.0,0.0,0.0,-1.0,-1.0,Desaprobado,0,2020,Verano,0,,
32,-1.0,-1.0,7.1,-1.0,7.399999999999999,-1.0,Promocionado,7,2020,Verano,0,,
33,-1.0,-1.0,6.6,-1.0,7.6,-1.0,Promocionado,7,2020,Verano,0,,
34,0.0,0.0,0.0,0.0,-1.0,-1.0,Desaprobado,0,2020,Verano,0,,
35,-1.0,-1.0,-1.0,-1.0,-1.0,-1.0,Libre,0,2020,Verano,0,,
36,-1.0,-1.0,-1.0,-1.0,-1.0,-1.0,Abandonó,0,2020,Verano,0,,
37,-1.0,-1.0,-1.0,-1.0,-1.0,-1.0,Abandonó,0,2020,Verano,0,,
38,6.8,-1.0,-1.0,-1.0,-1.0,5.9,Promocionado,6,2020,Verano,0,,
39,-1.0,-1.0,-1.0,-1.0,-1.0,-1.0,Libre,0,2020,Verano,0,,
40,-1.0,-1.0,-1.0,5.800000000000001,7.8,-1.0,Promocionado,7,2020,Verano,0,,
41,8.2,-1.0,-1.0,7.399999999999999,-1.0,-1.0,Promocionado,8,2020,Verano,0,,
42,-1.0,-1.0,-1.0,-1.0,-1.0,-1.0,Libre,0,2020,Verano,0,,
43,0.0,0.0,0.0,0.0,-1.0,-1.0,Desaprobado,0,2020,Verano,0,,
44,-1.0,-1.0,-1.0,-1.0,-1.0,-1.0,Abandonó,0,2020,Verano,0,,
45,-1.0,-1.0,-1.0,-1.0,-1.0,-1.0,Libre,0,2020,Verano,0,,
46,8.1,-1.0,8.7,-1.0,-1.0,-1.0,Promocionado,8,2020,Verano,0,,
47,-1.0,-1.0,-1.0,5.7,9.5,-1.0,Promocionado,8,2020,Verano,0,,
48,9.4,-1.0,8.600000000000001,-1.0,-1.0,-1.0,Promocionado,9,2020,Verano,0,,
49,0.0,0.0,0.0,0.0,-1.0,-1.0,Desaprobado,0,2020,Verano,0,,
50,0.0,0.0,0.0,0.0,-1.0,-1.0,Desaprobado,0,2020,Verano,0,,
51,7.0,-1.0,9.5,-1.0,-1.0,-1.0,Promocionado,8,2020,Verano,0,,
52,5.7,6.6000000000000005,-1.0,-1.0,-1.0,7.1,Promocionado,7,2020,Verano,0,,
53,-1.0,-1.0,-1.0,-1.0,-1.0,-1.0,Abandonó,0,2020,Verano,0,,
54,-1.0,-1.0,-1.0,-1.0,-1.0,-1.0,Abandonó,0,2020,Verano,0,,
55,-1.0,-1.0,4.1,7.6,-1.0,-1.0,Abandonó,0,2020,Verano,0,,
56,-1.0,-1.0,-1.0,-1.0,-1.0,-1.0,Libre,0,2020,Verano,0,,
57,-1.0,-1.0,-1.0,-1.0,-1.0,-1.0,Libre,0,2020,Verano,0,,
58,-1.0,-1.0,-1.0,-1.0,-1.0,-1.0,Libre,0,2020,Verano,0,,
59,-1.0,-1.0,-1.0,-1.0,-1.0,-1.0,Libre,0,2020,Verano,0,,
60,-1.0,-1.0,-1.0,-1.0,-1.0,-1.0,Libre,0,2020,Verano,0,,
61,8.5,-1.0,6.6,8.6,-1.0,-1.0,Promocionado,9,2020,Verano,0,,
62,-1.0,-1.0,-1.0,-1.0,-1.0,-1.0,Abandonó,0,2020,Verano,0,,
63,-1.0,-1.0,-1.0,-1.0,-1.0,-1.0,Libre,0,2020,Verano,0,,
64,-1.0,7.800000000000001,9.0,-1.0,-1.0,-1.0,Promocionado,8,2020,Verano,0,,
65,-1.0,-1.0,-1.0,-1.0,-1.0,-1.0,Abandonó,0,2020,Verano,0,,
66,7.5,-1.0,7.300000000000001,-1.0,-1.0,-1.0,Promocionado,7,2020,Verano,0,,
67,-1.0,6.4,-1.0,7.1,-1.0,-1.0,Promocionado,7,2020,Verano,0,,
68,5.9,5.4,-1.0,-1.0,-1.0,8.2,Promocionado,7,2020,Verano,0,,
69,6.7,-1.0,6.4,-1.0,-1.0,-1.0,Promocionado,7,2020,Verano,0,,
70,-1.0,6.6,-1.0,-1.0,-1.0,6.4,Promocionado,7,2020,Verano,0,,
71,7.1,-1.0,7.2,-1.0,-1.0,-1.0,Promocionado,7,2020,Verano,0,,
72,0.0,0.0,0.0,0.0,-1.0,-1.0,Desaprobado,0,2020,Verano,0,,
73,-1.0,-1.0,-1.0,5.9,7.4,-1.0,Promocionado,7,2020,Verano,0,,
74,-1.0,-1.0,-1.0,-1.0,-1.0,-1.0,Libre,0,2020,Verano,0,,
75,-1.0,-1.0,-1.0,-1.0,-1.0,-1.0,Abandonó,0,2020,Verano,0,,
76,-1.0,-1.0,-1.0,-1.0,-1.0,-1.0,Abandonó,0,2020,Verano,0,,
77,-1.0,-1.0,-1.0,-1.0,-1.0,-1.0,Abandonó,0,2020,Verano,0,,
78,-1.0,-1.0,-1.0,-1.0,-1.0,-1.0,Libre,0,2020,Verano,0,,
79,-1.0,-1.0,-1.0,-1.0,-1.0,-1.0,Abandonó,0,2020,Verano,0,,
80,-1.0,-1.0,-1.0,-1.0,-1.0,-1.0,Abandonó,0,2020,Verano,0,,
81,9.3,-1.0,9.2,-1.0,-1.0,-1.0,Promocionado,9,2020,Verano,0,,
82,-1.0,-1.0,-1.0,7.0,6.6,-1.0,Promocionado,7,2020,Verano,0,,
83,6.9,-1.0,6.4,-1.0,-1.0,-1.0,Promocionado,7,2020,Verano,0,,
84,-1.0,-1.0,-1.0,-1.0,-1.0,-1.0,Libre,0,2020,Verano,0,,
85,-1.0,-1.0,5.9,-1.0,6.4,-1.0,Promocionado,6,2020,Verano,0,,
86,-1.0,-1.0,-1.0,-1.0,-1.0,-1.0,Abandonó,0,2020,Verano,0,,
87,-1.0,-1.0,-1.0,-1.0,-1.0,-1.0,Abandonó,0,2020,Verano,0,,
88,-1.0,6.6,5.1,7.2,-1.0,-1.0,Promocionado,7,2020,Verano,0,,
89,-1.0,-1.0,-1.0,-1.0,-1.0,-1.0,Libre,0,2020,Verano,0,,
90,-1.0,-1.0,-1.0,-1.0,-1.0,-1.0,Abandonó,0,2020,Verano,0,,
91,-1.0,-1.0,-1.0,-1.0,-1.0,-1.0,Libre,0,2020,Verano,0,,
92,-1.0,-1.0,-1.0,-1.0,-1.0,-1.0,Abandonó,0,2020,Verano,0,,
93,-1.0,6.300000000000001,7.2,-1.0,-1.0,-1.0,Promocionado,7,2020,Verano,0,,
94,-1.0,-1.0,5.699999999999999,5.4,6.6,-1.0,Promocionado,6,2020,Verano,0,,
95,-1.0,-1.0,-1.0,-1.0,-1.0,-1.0,Libre,0,2020,Verano,0,,
96,-1.0,8.0,9.1,-1.0,-1.0,-1.0,Promocionado,9,2020,Verano,0,,
97,-1.0,6.4,-1.0,7.3,-1.0,-1.0,Promocionado,7,2020,Verano,0,,
98,-1.0,-1.0,-1.0,-1.0,-1.0,-1.0,Abandonó,0,2020,Verano,0,,
99,0.0,0.0,0.0,0.0,-1.0,-1.0,Desaprobado,0,2020,Verano,0,,
100,-1.0,4.7,5.199999999999999,6.8,6.8,-1.0,Promocionado,7,2020,Verano,0,,
101,-1.0,7.5,6.300000000000001,-1.0,-1.0,-1.0,Promocionado,7,2020,Verano,0,,
102,-1.0,6.4,-1.0,6.9,-1.0,-1.0,Promocionado,7,2020,Verano,0,,
103,-1.0,-1.0,-1.0,-1.0,-1.0,-1.0,Libre,0,2020,Verano,0,,
104,-1.0,-1.0,6.199999999999999,-1.0,7.4,-1.0,Promocionado,7,2020,Verano,0,,
105,-1.0,-1.0,-1.0,-1.0,-1.0,-1.0,Libre,0,2020,Verano,0,,
106,8.4,-1.0,6.4,-1.0,-1.0,-1.0,Promocionado,7,2020,Verano,0,,
107,-1.0,-1.0,-1.0,-1.0,-1.0,-1.0,Libre,0,2020,Verano,0,,
108,8.7,-1.0,7.9,-1.0,-1.0,-1.0,Promocionado,9,2020,Anticipada,1,Aprobado,
109,6.6,-1.0,-1.0,-1.0,-1.0,-1.0,Abandonó,0,2020,Anticipada,1,,
110,6.0,-1.0,7.95,-1.0,-1.0,-1.0,Promocionado,8,2020,Anticipada,1,Aprobado,
111,5.9,-1.0,5.2,4.4,-1.0,8.3,Promocionado,8,2020,Anticipada,1,Aprobado,
112,5.3,-1.0,4.3,3.3,-1.0,5.2,Desaprobado,0,2020,Anticipada,1,,
113,8.6,-1.0,8.3,-1.0,-1.0,-1.0,Promocionado,9,2020,Anticipada,1,Aprobado,
114,2.6,-1.0,-1.0,-1.0,-1.0,-1.0,Abandonó,0,2020,Anticipada,1,,
115,8.7,-1.0,0.0,9.8,-1.0,-1.0,Promocionado,9,2020,Anticipada,1,Aprobado,
116,4.3,4.7,6.1,-1.0,5.5,-1.0,Desaprobado,0,2020,Anticipada,1,,
117,3.2,4.8,2.35,3.4,-1.0,3.9,Desaprobado,0,2020,Anticipada,1,,
118,7.7,-1.0,7.4,-1.0,-1.0,-1.0,Promocionado,7,2020,Anticipada,1,Aprobado,
119,8.0,-1.0,8.2,-1.0,-1.0,-1.0,Promocionado,8,2020,Anticipada,1,Aprobado,
120,9.2,-1.0,8.6,-1.0,-1.0,-1.0,Promocionado,9,2020,Anticipada,1,Aprobado,
121,9.2,-1.0,7.5,-1.0,-1.0,-1.0,Promocionado,8,2020,Anticipada,1,Aprobado,
122,9.0,-1.0,9.2,-1.0,-1.0,-1.0,Promocionado,9,2020,Anticipada,1,Aprobado,
123,-1.0,-1.0,-1.0,-1.0,-1.0,-1.0,Libre,0,2020,Anticipada,1,,
124,8.3,-1.0,9.55,-1.0,-1.0,-1.0,Promocionado,9,2020,Anticipada,1,Aprobado,
125,9.0,-1.0,8.45,-1.0,-1.0,-1.0,Promocionado,8,2020,Anticipada,1,Aprobado,
126,1.7,4.5,-1.0,-1.0,-1.0,-1.0,Abandonó,0,2020,Anticipada,1,,
127,-1.0,-1.0,-1.0,-1.0,-1.0,-1.0,Libre,0,2020,Anticipada,1,,
128,3.2,6.6,0.3,0.0,-1.0,5.4,Desaprobado,0,2020,Anticipada,1,Desaprobado,
129,5.3,-1.0,2.15,3.0,-1.0,-1.0,Abandonó,0,2020,Anticipada,1,,
130,0.8,-1.0,-1.0,-1.0,-1.0,-1.0,Abandonó,0,2020,Anticipada,1,,
131,8.6,-1.0,8.2,-1.0,-1.0,-1.0,Promocionado,7,2020,Anticipada,1,Aprobado,
132,-1.0,-1.0,-1.0,-1.0,-1.0,-1.0,Libre,0,2020,Anticipada,1,,
133,4.1,-1.0,-1.0,2.1,-1.0,-1.0,Abandonó,0,2020,Anticipada,1,,
134,6.5,-1.0,-1.0,-1.0,-1.0,-1.0,Abandonó,0,2020,Anticipada,1,,
135,8.9,-1.0,7.05,-1.0,-1.0,-1.0,Promocionado,7,2020,Anticipada,1,Aprobado,
136,-1.0,-1.0,-1.0,-1.0,-1.0,-1.0,Libre,0,2020,Anticipada,1,,
137,7.4,-1.0,6.6,-1.0,-1.0,-1.0,Promocionado,7,2020,Anticipada,1,Aprobado,
138,-1.0,-1.0,-1.0,-1.0,-1.0,-1.0,Libre,0,2020,Anticipada,1,,
139,7.1,-1.0,6.6,-1.0,-1.0,-1.0,Promocionado,7,2020,Anticipada,1,Aprobado,
140,4.9,4.0,1.55,4.95,4.9,-1.0,Desaprobado,0,2020,Anticipada,1,,
141,8.4,-1.0,7.25,-1.0,-1.0,-1.0,Promocionado,8,2020,Anticipada,1,Aprobado,
142,8.6,-1.0,8.25,-1.0,-1.0,-1.0,Promocionado,9,2020,Anticipada,1,Aprobado,
143,8.5,-1.0,6.55,-1.0,-1.0,-1.0,Promocionado,6,2020,Anticipada,1,Aprobado,
144,9.2,-1.0,9.9,-1.0,-1.0,-1.0,Promocionado,10,2020,Anticipada,1,Aprobado,
145,7.2,-1.0,7.6,-1.0,-1.0,-1.0,Promocionado,6,2020,Anticipada,1,Aprobado,
146,-1.0,-1.0,-1.0,-1.0,-1.0,-1.0,Libre,0,2020,Anticipada,1,,
147,6.0,-1.0,6.35,-1.0,-1.0,-1.0,Desaprobado,0,2020,Anticipada,1,Desaprobado,
148,8.9,-1.0,10.0,-1.0,-1.0,-1.0,Promocionado,9,2020,Anticipada,1,Aprobado,
149,-1.0,-1.0,-1.0,-1.0,-1.0,-1.0,Libre,0,2020,Anticipada,1,,
150,7.5,-1.0,9.25,-1.0,-1.0,-1.0,Promocionado,8,2020,Anticipada,1,Aprobado,
151,3.6,5.9,5.75,7.4,-1.0,-1.0,Promocionado,6,2020,Anticipada,1,Aprobado,
152,7.7,-1.0,2.95,4.5,-1.0,-1.0,Promocionado,6,2020,Anticipada,1,Aprobado,
153,2.5,-1.0,-1.0,-1.0,-1.0,-1.0,Abandonó,0,2020,Anticipada,1,,
154,-1.0,-1.0,-1.0,-1.0,-1.0,-1.0,Libre,0,2020,Anticipada,1,,
155,10.0,-1.0,9.25,-1.0,-1.0,-1.0,Promocionado,10,2020,Anticipada,1,Aprobado,
156,8.8,-1.0,7.9,-1.0,-1.0,-1.0,Promocionado,8,2020,Anticipada,1,Aprobado,
157,8.2,-1.0,6.4,-1.0,-1.0,-1.0,Promocionado,6,2020,Anticipada,1,Aprobado,
158,6.3,-1.0,2.35,9.8,-1.0,-1.0,Promocionado,8,2020,Anticipada,1,Aprobado,
159,-1.0,-1.0,-1.0,-1.0,-1.0,-1.0,Libre,0,2020,Anticipada,1,,
160,6.9,-1.0,7.25,-1.0,-1.0,-1.0,Promocionado,7,2020,Anticipada,1,Aprobado,
161,9.2,-1.0,-1.0,-1.0,-1.0,-1.0,Abandonó,0,2020,Anticipada,1,,
162,5.6,-1.0,-1.0,-1.0,-1.0,-1.0,Abandonó,0,2020,Anticipada,1,,
163,9.5,-1.0,9.0,-1.0,-1.0,-1.0,Promocionado,10,2020,Anticipada,1,Aprobado,
164,6.0,-1.0,1.85,1.08,-1.0,1.27,Desaprobado,0,2020,Anticipada,1,,
165,4.5,-1.0,5.2,5.8,6.7,-1.0,Desaprobado,0,2020,Anticipada,1,Desaprobado,
166,5.7,-1.0,3.2,0.0,-1.0,7.45,Desaprobado,0,2020,Anticipada,1,Desaprobado,
167,8.9,-1.0,9.0,-1.0,-1.0,-1.0,Promocionado,9,2020,Anticipada,1,Aprobado,
168,8.3,-1.0,9.05,-1.0,-1.0,-1.0,Promocionado,9,2020,Anticipada,1,Aprobado,
169,4.5,-1.0,0.55,3.65,-1.0,5.45,Desaprobado,0,2020,Anticipada,1,,
170,10.0,-1.0,9.0,-1.0,-1.0,-1.0,Promocionado,10,2020,Anticipada,1,Aprobado,
171,8.6,-1.0,8.9,-1.0,-1.0,-1.0,Desaprobado,0,2020,Anticipada,1,Desaprobado,
172,4.8,6.7,5.6,-1.0,-1.0,-1.0,Promocionado,6,2020,Anticipada,1,Aprobado,
173,-1.0,-1.0,-1.0,-1.0,-1.0,-1.0,Libre,0,2020,Anticipada,1,,
174,1.7,1.2,1.75,-1.0,-1.0,-1.0,Abandonó,0,2020,Anticipada,1,,
175,5.8,-1.0,0.0,-1.0,-1.0,-1.0,Abandonó,0,2020,Anticipada,1,,
176,8.5,-1.0,9.45,-1.0,-1.0,-1.0,Promocionado,9,2020,Anticipada,1,Aprobado,
177,8.6,-1.0,9.0,-1.0,-1.0,-1.0,Promocionado,9,2020,Anticipada,1,Aprobado,
178,-1.0,-1.0,-1.0,-1.0,-1.0,-1.0,Libre,0,2020,Anticipada,1,,
179,10.0,-1.0,8.9,-1.0,-1.0,-1.0,Promocionado,9,2020,Anticipada,1,Aprobado,
180,1.6,0.0,-1.0,-1.0,-1.0,-1.0,Abandonó,0,2020,Anticipada,1,,
181,9.4,-1.0,6.5,-1.0,-1.0,-1.0,Promocionado,8,2020,Anticipada,1,Aprobado,
182,7.6,-1.0,7.35,-1.0,-1.0,-1.0,Promocionado,7,2020,Anticipada,1,Aprobado,
183,6.4,-1.0,4.75,9.4,-1.0,-1.0,Promocionado,7,2020,Anticipada,1,Aprobado,
184,9.2,-1.0,4.9,-1.0,-1.0,-1.0,Promocionado,7,2020,Anticipada,1,Aprobado,
185,8.2,-1.0,8.15,-1.0,-1.0,-1.0,Promocionado,8,2020,Anticipada,1,Aprobado,
186,6.4,-1.0,-1.0,-1.0,-1.0,-1.0,Abandonó,0,2020,Anticipada,1,,
187,-1.0,-1.0,-1.0,-1.0,-1.0,-1.0,Abandonó,0,2020,Anticipada,1,,
188,-1.0,-1.0,-1.0,-1.0,-1.0,-1.0,Abandonó,0,2020,Anticipada,1,,
189,8.2,-1.0,6.7,-1.0,-1.0,-1.0,Desaprobado,0,2020,Anticipada,1,Desaprobado,
190,8.9,-1.0,3.7,6.1,-1.0,-1.0,Promocionado,8,2020,Anticipada,1,Aprobado,
191,5.0,-1.0,2.95,-1.0,-1.0,-1.0,Abandonó,0,2020,Anticipada,1,,
192,-1.0,-1.0,-1.0,-1.0,-1.0,-1.0,Abandonó,0,2020,Anticipada,1,,
193,7.6,-1.0,3.8,7.2,-1.0,-1.0,Desaprobado,0,2020,Anticipada,1,Desaprobado,
194,10.0,-1.0,8.25,-1.0,-1.0,-1.0,Promocionado,9,2020,Anticipada,1,Aprobado,
195,9.2,-1.0,9.3,-1.0,-1.0,-1.0,Promocionado,9,2020,Anticipada,1,Aprobado,
196,9.0,-1.0,7.45,-1.0,-1.0,-1.0,Promocionado,8,2020,Anticipada,1,Aprobado,
197,-1.0,-1.0,-1.0,-1.0,-1.0,-1.0,Libre,0,2020,Anticipada,1,,
198,10.0,-1.0,10.0,-1.0,-1.0,-1.0,Promocionado,10,2020,Anticipada,1,Aprobado,
199,-1.0,-1.0,-1.0,-1.0,-1.0,-1.0,Libre,0,2020,Anticipada,1,,
200,-1.0,1.25,-1.0,-1.0,-1.0,-1.0,Abandonó,0,2021,Anticipada,1,,
201,5.8,-1.0,-1.0,-1.0,-1.0,-1.0,Abandonó,0,2021,Anticipada,1,,
202,5.9,-1.0,-1.0,-1.0,-1.0,-1.0,Abandonó,0,2021,Anticipada,1,,
203,-1.0,-1.0,-1.0,-1.0,-1.0,-1.0,Libre,0,2021,Anticipada,1,,
204,-1.0,-1.0,-1.0,-1.0,-1.0,-1.0,Libre,0,2021,Anticipada,1,,
205,-1.0,-1.0,-1.0,-1.0,-1.0,-1.0,Libre,0,2021,Anticipada,1,,
206,4.0,3.83,-1.0,-1.0,-1.0,-1.0,Abandonó,0,2021,Anticipada,1,,
207,8.7,-1.0,9.5,-1.0,-1.0,-1.0,Promocionado,9,2021,Anticipada,1,Aprobado,
208,-1.0,-1.0,-1.0,-1.0,-1.0,-1.0,Libre,0,2021,Anticipada,1,,
209,8.1,-1.0,5.6,-1.0,-1.0,-1.0,Promocionado,8,2021,Anticipada,1,Aprobado,
210,-1.0,-1.0,-1.0,-1.0,-1.0,-1.0,Libre,0,2021,Anticipada,1,,
211,-1.0,-1.0,-1.0,-1.0,-1.0,-1.0,Libre,0,2021,Anticipada,1,,
212,4.3,4.4,3.1,3.8,-1.0,-1.0,Desaprobado,0,2021,Anticipada,1,,
213,-1.0,-1.0,-1.0,-1.0,-1.0,-1.0,Libre,0,2021,Anticipada,1,,
214,9.0,-1.0,5.5,-1.0,-1.0,-1.0,Desaprobado,0,2021,Anticipada,1,Desaprobado,
215,4.4,5.85,2.6,-1.0,-1.0,-1.0,Abandonó,0,2021,Anticipada,1,,
216,2.4,-1.0,-1.0,-1.0,-1.0,-1.0,Abandonó,0,2021,Anticipada,1,,
217,7.0,-1.0,9.5,-1.0,-1.0,-1.0,Desaprobado,0,2021,Anticipada,1,Desaprobado,
218,-1.0,-1.0,-1.0,-1.0,-1.0,-1.0,Libre,0,2021,Anticipada,1,,
219,7.6,-1.0,8.4,-1.0,-1.0,-1.0,Promocionado,8,2021,Anticipada,1,Aprobado,
220,1.6,1.33,1.7,0.9,-1.0,-1.0,Desaprobado,0,2021,Anticipada,1,,
221,1.2,-1.0,-1.0,-1.0,-1.0,-1.0,Abandonó,0,2021,Anticipada,1,,
222,7.0,-1.0,8.0,-1.0,-1.0,-1.0,Promocionado,8,2021,Anticipada,1,Aprobado,
223,4.6,6.38,5.6,-1.0,-1.0,-1.0,Promocionado,6,2021,Anticipada,1,Aprobado,
224,-1.0,-1.0,-1.0,-1.0,-1.0,-1.0,Libre,0,2021,Anticipada,1,,
225,3.0,-1.0,-1.0,-1.0,-1.0,-1.0,Abandonó,0,2021,Anticipada,1,,
226,-1.0,-1.0,-1.0,-1.0,-1.0,-1.0,Libre,0,2021,Anticipada,1,,
227,8.8,-1.0,-1.0,-1.0,-1.0,-1.0,Abandonó,0,2021,Anticipada,1,,
228,8.3,-1.0,8.2,-1.0,-1.0,-1.0,Promocionado,8,2021,Anticipada,1,Aprobado,
229,4.6,6.83,5.0,3.8,-1.0,6.8,Desaprobado,0,2021,Anticipada,1,Desaprobado,
230,0.0,3.1,-1.0,-1.0,-1.0,-1.0,Abandonó,0,2021,Anticipada,1,,
231,0.0,3.19,1.3,-1.0,-1.0,-1.0,Abandonó,0,2021,Anticipada,1,,
232,-1.0,-1.0,-1.0,-1.0,-1.0,-1.0,Libre,0,2021,Anticipada,1,,
233,3.4,4.67,-1.0,-1.0,-1.0,-1.0,Abandonó,0,2021,Anticipada,1,,
234,-1.0,-1.0,-1.0,-1.0,-1.0,-1.0,Libre,0,2021,Anticipada,1,,
235,-1.0,-1.0,-1.0,-1.0,-1.0,-1.0,Libre,0,2021,Anticipada,1,,
236,3.8,5.42,7.0,-1.0,-1.0,-1.0,Desaprobado,0,2021,Anticipada,1,Desaprobado,
237,2.9,5.23,6.2,5.5,6.5,-1.0,Promocionado,6,2021,Anticipada,1,Aprobado,
238,6.8,-1.0,6.8,-1.0,-1.0,-1.0,Desaprobado,0,2021,Anticipada,1,Desaprobado,
239,-1.0,-1.0,-1.0,-1.0,-1.0,-1.0,Libre,0,2021,Anticipada,1,,
240,9.5,-1.0,10.0,-1.0,-1.0,-1.0,Promocionado,10,2021,Anticipada,1,Aprobado,
241,1.0,3.61,6.0,-1.0,-1.0,-1.0,Abandonó,0,2021,Anticipada,1,,
242,4.6,-1.0,-1.0,-1.0,-1.0,-1.0,Abandonó,0,2021,Anticipada,1,,
243,-1.0,-1.0,-1.0,-1.0,-1.0,-1.0,Libre,0,2021,Anticipada,1,,
244,-1.0,-1.0,-1.0,-1.0,-1.0,-1.0,Libre,0,2021,Anticipada,1,,
245,-1.0,-1.0,-1.0,-1.0,-1.0,-1.0,Libre,0,2021,Anticipada,1,,
246,6.6,-1.0,6.5,-1.0,-1.0,-1.0,Promocionado,7,2021,Anticipada,1,Aprobado,
247,8.0,-1.0,5.0,-1.0,-1.0,-1.0,Promocionado,7,2021,Anticipada,1,Aprobado,
248,6.4,-1.0,4.4,3.7,-1.0,6.3,Promocionado,6,2021,Anticipada,1,Aprobado,
249,8.4,-1.0,7.2,-1.0,-1.0,-1.0,Promocionado,8,2021,Anticipada,1,Aprobado,
250,-1.0,-1.0,-1.0,-1.0,-1.0,-1.0,Libre,0,2021,Anticipada,1,,
251,1.3,2.5,-1.0,-1.0,-1.0,-1.0,Abandonó,0,2021,Anticipada,1,,
252,-1.0,-1.0,-1.0,-1.0,-1.0,-1.0,Libre,0,2021,Anticipada,1,,
253,-1.0,-1.0,-1.0,-1.0,-1.0,-1.0,Libre,0,2021,Anticipada,1,,
254,0.0,4.58,-1.0,-1.0,-1.0,-1.0,Abandonó,0,2021,Anticipada,1,,
255,0.6,2.25,-1.0,-1.0,-1.0,-1.0,Abandonó,0,2021,Anticipada,1,,
256,5.8,-1.0,4.0,5.4,-1.0,8.9,Promocionado,7,2021,Anticipada,1,Aprobado,
257,5.7,6.91,4.5,3.4,-1.0,-1.0,Abandonó,0,2021,Anticipada,1,,
258,-1.0,-1.0,-1.0,-1.0,-1.0,-1.0,Libre,0,2021,Anticipada,1,,
259,5.6,-1.0,5.9,5.2,-1.0,6.8,Promocionado,6,2021,Anticipada,1,Aprobado,
260,8.2,-1.0,-1.0,3.0,-1.0,8.8,Desaprobado,0,2021,Anticipada,1,Desaprobado,
261,6.9,-1.0,7.2,-1.0,-1.0,-1.0,Desaprobado,0,2021,Anticipada,1,Desaprobado,
262,-1.0,-1.0,-1.0,-1.0,-1.0,-1.0,Libre,0,2021,Anticipada,1,,
263,9.2,-1.0,10.0,-1.0,-1.0,-1.0,Promocionado,10,2021,Anticipada,1,Aprobado,
264,-1.0,-1.0,-1.0,-1.0,-1.0,-1.0,Libre,0,2021,Anticipada,1,,
265,-1.0,-1.0,-1.0,-1.0,-1.0,-1.0,Libre,0,2021,Anticipada,1,,
266,-1.0,-1.0,-1.0,-1.0,-1.0,-1.0,Libre,0,2021,Anticipada,1,,
267,3.2,4.44,1.8,3.2,-1.0,3.1,Desaprobado,0,2021,Anticipada,1,,
268,1.4,-1.0,-1.0,-1.0,-1.0,-1.0,Abandonó,0,2021,Anticipada,1,,
269,4.0,8.84,3.7,-1.0,-1.0,-1.0,Abandonó,0,2021,Anticipada,1,,
270,1.8,2.42,-1.0,-1.0,-1.0,-1.0,Abandonó,0,2021,Anticipada,1,,
271,6.0,-1.0,6.6,-1.0,-1.0,-1.0,Promocionado,7,2021,Anticipada,1,Aprobado,
272,-1.0,-1.0,-1.0,-1.0,-1.0,-1.0,Libre,0,2021,Anticipada,1,,
273,6.1,-1.0,-1.0,3.3,-1.0,-1.0,Abandonó,0,2021,Anticipada,1,,
274,9.1,-1.0,8.5,-1.0,-1.0,-1.0,Promocionado,10,2021,Anticipada,1,Aprobado,
275,7.6,-1.0,6.2,-1.0,-1.0,-1.0,Desaprobado,0,2021,Anticipada,1,Desaprobado,
276,7.0,-1.0,5.2,-1.0,-1.0,-1.0,Promocionado,7,2021,Anticipada,1,Aprobado,
277,6.1,-1.0,7.3,-1.0,-1.0,-1.0,Promocionado,7,2021,Anticipada,1,Aprobado,
278,-1.0,-1.0,-1.0,-1.0,-1.0,-1.0,Libre,0,2021,Anticipada,1,,
279,5.7,-1.0,2.2,4.2,-1.0,4.4,Desaprobado,0,2021,Anticipada,1,,
280,4.0,6.8,3.0,2.0,-1.0,3.2,Desaprobado,0,2021,Anticipada,1,,
281,1.0,5.6,5.7,-1.0,-1.0,6.0,Desaprobado,0,2021,Anticipada,1,,
282,3.3,5.58,0.7,-1.0,-1.0,-1.0,Abandonó,0,2021,Anticipada,1,,
283,0.8,-1.0,-1.0,-1.0,-1.0,-1.0,Abandonó,0,2021,Anticipada,1,,
284,-1.0,3.75,-1.0,-1.0,-1.0,-1.0,Abandonó,0,2021,Anticipada,1,,
285,3.9,7.2,4.7,8.2,-1.0,-1.0,Promocionado,8,2021,Anticipada,1,Aprobado,
286,7.0,-1.0,6.1,-1.0,-1.0,-1.0,Promocionado,7,2021,Anticipada,1,Aprobado,
287,6.8,-1.0,4.7,6.7,-1.0,-1.0,Promocionado,6,2021,Anticipada,1,Aprobado,
288,-1.0,-1.0,-1.0,-1.0,-1.0,-1.0,Libre,0,2021,Anticipada,1,,
289,5.8,-1.0,9.7,-1.0,-1.0,-1.0,Desaprobado,0,2021,Anticipada,1,Desaprobado,
290,4.5,6.15,-1.0,-1.0,-1.0,-1.0,Abandonó,0,2021,Anticipada,1,,
291,5.1,6.95,8.1,-1.0,-1.0,-1.0,Desaprobado,0,2021,Anticipada,1,Desaprobado,
292,5.6,7.8,7.7,-1.0,-1.0,-1.0,Desaprobado,0,2021,Anticipada,1,Desaprobado,
293,-1.0,-1.0,-1.0,-1.0,-1.0,-1.0,Libre,0,2021,Anticipada,1,,
294,7.3,-1.0,6.3,-1.0,-1.0,-1.0,Promocionado,6,2021,Anticipada,1,Aprobado,
295,0.0,0.0,0.3,-1.0,-1.0,-1.0,Abandonó,0,2022,Verano,0,,
296,7.1,-1.0,4.2,9.7,-1.0,-1.0,Promocionado,8,2022,Verano,0,,
297,-1.0,-1.0,-1.0,-1.0,-1.0,-1.0,Libre,0,2022,Verano,0,,
298,3.7,1.0,0.0,2.0,-1.0,-1.0,Desaprobado,0,2022,Verano,0,,
299,3.2,1.3,2.5,-1.0,-1.0,-1.0,Abandonó,0,2022,Verano,0,,
300,2.2,1.0,5.1,-1.0,5.4,-1.0,Desaprobado,0,2022,Verano,0,,
301,2.4,4.8,7.3,-1.0,-1.0,-1.0,Promocionado,6,2022,Verano,0,,
302,0.4,0.9,-1.0,-1.0,-1.0,-1.0,Abandonó,0,2022,Verano,0,,
303,5.2,-1.0,7.5,-1.0,-1.0,-1.0,Promocionado,6,2022,Verano,0,,
304,-1.0,-1.0,-1.0,-1.0,-1.0,-1.0,Libre,0,2022,Verano,0,,
305,5.4,-1.0,5.8,-1.0,-1.0,6.7,Promocionado,6,2022,Verano,0,,
307,1.1,-1.0,4.2,7.5,4.5,-1.0,Promocionado,6,2022,Verano,0,,
308,-1.0,-1.0,-1.0,-1.0,-1.0,-1.0,Libre,0,2022,Verano,0,,
309,-1.0,-1.0,-1.0,-1.0,-1.0,-1.0,Libre,0,2022,Verano,0,,
310,9.4,-1.0,8.3,-1.0,-1.0,-1.0,Promocionado,9,2022,Verano,0,,
311,-1.0,-1.0,-1.0,-1.0,-1.0,-1.0,Libre,0,2022,Verano,0,,
312,-1.0,-1.0,-1.0,-1.0,-1.0,-1.0,Libre,0,2022,Verano,0,,
313,0.0,2.1,-1.0,-1.0,-1.0,-1.0,Abandonó,0,2022,Verano,0,,
314,2.7,2.3,2.9,6.7,6.4,-1.0,Promocionado,7,2022,Verano,0,,
315,-1.0,0.0,-1.0,-1.0,-1.0,-1.0,Abandonó,0,2022,Verano,0,,
316,-1.0,0.7,0.0,0.8,-1.0,-1.0,Desaprobado,0,2022,Verano,0,,
317,1.0,0.5,-1.0,-1.0,-1.0,-1.0,Abandonó,0,2022,Verano,0,,
318,-1.0,-1.0,-1.0,-1.0,-1.0,-1.0,Libre,0,2022,Verano,0,,
319,-1.0,7.1,-1.0,9.0,-1.0,-1.0,Promocionado,8,2022,Verano,0,,
320,-1.0,-1.0,-1.0,-1.0,-1.0,-1.0,Libre,0,2022,Verano,0,,
321,-1.0,-1.0,0.0,1.3,-1.0,-1.0,Desaprobado,0,2022,Verano,0,,
322,-1.0,-1.0,-1.0,-1.0,-1.0,-1.0,Libre,0,2022,Verano,0,,
323,0.0,0.3,-1.0,-1.0,-1.0,-1.0,Abandonó,0,2022,Verano,0,,
324,4.6,-1.0,3.0,3.0,-1.0,8.8,Promocionado,7,2022,Verano,0,,
325,-1.0,-1.0,-1.0,-1.0,-1.0,-1.0,Libre,0,2022,Verano,0,,
326,-1.0,-1.0,-1.0,-1.0,-1.0,-1.0,Libre,0,2022,Verano,0,,
327,0.6,-1.0,-1.0,-1.0,-1.0,-1.0,Abandonó,0,2022,Verano,0,,
328,2.3,1.3,-1.0,-1.0,-1.0,-1.0,Abandonó,0,2022,Verano,0,,
329,-1.0,-1.0,-1.0,-1.0,-1.0,-1.0,Libre,0,2022,Verano,0,,
330,0.0,1.4,-1.0,0.0,-1.0,-1.0,Desaprobado,0,2022,Verano,0,,
331,-1.0,4.0,1.4,-1.0,-1.0,-1.0,Abandonó,0,2022,Verano,0,,
332,-1.0,-1.0,-1.0,-1.0,-1.0,-1.0,Libre,0,2022,Verano,0,,
333,-1.0,-1.0,-1.0,-1.0,-1.0,-1.0,Libre,0,2022,Verano,0,,
334,-1.0,-1.0,-1.0,-1.0,-1.0,-1.0,Libre,0,2022,Verano,0,,
335,-1.0,-1.0,-1.0,-1.0,-1.0,-1.0,Libre,0,2022,Verano,0,,
336,5.9,-1.0,5.9,-1.0,-1.0,-1.0,Promocionado,6,2022,Verano,0,,
337,-1.0,-1.0,-1.0,-1.0,-1.0,-1.0,Libre,0,2022,Verano,0,,
338,2.5,0.4,-1.0,-1.0,-1.0,-1.0,Abandonó,0,2022,Verano,0,,
339,3.4,1.75,-1.0,-1.0,-1.0,-1.0,Abandonó,0,2022,Verano,0,,
340,-1.0,-1.0,-1.0,-1.0,-1.0,-1.0,Libre,0,2022,Verano,0,,
341,2.9,-1.0,-1.0,-1.0,-1.0,-1.0,Abandonó,0,2022,Verano,0,,
342,-1.0,-1.0,-1.0,-1.0,-1.0,-1.0,Libre,0,2022,Verano,0,,
343,5.4,-1.0,-1.0,7.9,-1.0,-1.0,Promocionado,7,2022,Verano,0,,
344,0.3,0.3,-1.0,-1.0,-1.0,-1.0,Abandonó,0,2022,Verano,0,,
345,3.0,4.3,5.0,-1.0,7.0,-1.0,Promocionado,6,2022,Verano,0,,
346,2.1,1.0,0.0,0.9,-1.0,-1.0,Desaprobado,0,2022,Verano,0,,
347,9.3,-1.0,9.4,-1.0,-1.0,-1.0,Promocionado,10,2022,Verano,0,,
348,2.2,0.5,-1.0,-1.0,-1.0,-1.0,Abandonó,0,2022,Verano,0,,
349,-1.0,-1.0,-1.0,-1.0,-1.0,-1.0,Libre,0,2022,Verano,0,,
350,-1.0,-1.0,-1.0,-1.0,-1.0,-1.0,Libre,0,2022,Verano,0,,
351,4.0,4.0,2.0,5.9,6.1,-1.0,Promocionado,6,2022,Verano,0,,
352,0.6,0.6,-1.0,-1.0,-1.0,-1.0,Abandonó,0,2022,Verano,0,,
353,9.8,-1.0,10.0,-1.0,-1.0,-1.0,Promocionado,10,2022,Verano,0,,
354,-1.0,-1.0,-1.0,-1.0,-1.0,-1.0,Libre,0,2022,Verano,0,,
355,-1.0,-1.0,-1.0,-1.0,-1.0,-1.0,Libre,0,2022,Verano,0,,
356,-1.0,-1.0,-1.0,-1.0,-1.0,-1.0,Libre,0,2022,Verano,0,,
357,0.9,0.5,0.4,-1.0,-1.0,-1.0,Abandonó,0,2022,Verano,0,,
358,8.5,-1.0,9.4,-1.0,-1.0,-1.0,Promocionado,9,2022,Verano,0,,
359,-1.0,-1.0,-1.0,-1.0,-1.0,-1.0,Libre,0,2022,Verano,0,,
360,0.3,0.0,-1.0,-1.0,-1.0,-1.0,Abandonó,0,2022,Verano,0,,
361,1.3,0.0,-1.0,-1.0,-1.0,-1.0,Abandonó,0,2022,Verano,0,,
362,6.5,-1.0,8.1,-1.0,-1.0,-1.0,Promocionado,7,2022,Verano,0,,
363,-1.0,-1.0,-1.0,-1.0,-1.0,-1.0,Libre,0,2022,Verano,0,,
364,-1.0,-1.0,-1.0,-1.0,-1.0,-1.0,Libre,0,2022,Verano,0,,
365,1.7,0.2,-1.0,-1.0,-1.0,-1.0,Abandonó,0,2022,Verano,0,,
366,3.5,0.7,-1.0,-1.0,-1.0,-1.0,Abandonó,0,2022,Verano,0,,
367,8.9,-1.0,8.6,-1.0,-1.0,-1.0,Promocionado,9,2022,Verano,0,,
368,-1.0,-1.0,-1.0,-1.0,-1.0,-1.0,Libre,0,2022,Verano,0,,
369,-1.0,-1.0,-1.0,-1.0,-1.0,-1.0,Libre,0,2022,Verano,0,,
370,3.0,2.6,4.3,-1.0,9.2,-1.0,Promocionado,7,2022,Verano,0,,
371,4.1,1.8,-1.0,-1.0,-1.0,-1.0,Abandonó,0,2022,Verano,0,,
372,0.0,1.7,-1.0,-1.0,-1.0,-1.0,Abandonó,0,2022,Verano,0,,
373,0.5,0.0,4.2,2.8,-1.0,-1.0,Desaprobado,0,2022,Verano,0,,
374,-1.0,-1.0,-1.0,-1.0,-1.0,-1.0,Libre,0,2022,Verano,0,,
375,2.6,6.9,4.6,-1.0,-1.0,-1.0,Promocionado,6,2022,Verano,0,,
376,-1.0,-1.0,-1.0,-1.0,-1.0,-1.0,Libre,0,2022,Verano,0,,
377,3.5,4.0,2.0,1.4,-1.0,0.7,Desaprobado,0,2022,Verano,0,,
378,0.0,-1.0,-1.0,-1.0,-1.0,-1.0,Abandonó,0,2022,Verano,0,,
379,-1.0,0.4,-1.0,-1.0,-1.0,-1.0,Abandonó,0,2022,Verano,0,,
380,0.0,0.5,-1.0,-1.0,-1.0,-1.0,Abandonó,0,2022,Verano,0,,
381,4.7,-1.0,7.1,-1.0,-1.0,-1.0,Promocionado,6,2022,Verano,0,,
382,-1.0,-1.0,-1.0,-1.0,-1.0,-1.0,Libre,0,2022,Verano,0,,
383,7.1,-1.0,5.3,-1.0,-1.0,-1.0,Promocionado,6,2022,Verano,0,,
384,-1.0,-1.0,1.0,0.9,-1.0,-1.0,Desaprobado,0,2022,Verano,0,,
385,0.5,1.1,0.5,0.6,-1.0,-1.0,Desaprobado,0,2022,Verano,0,,
386,-1.0,1.6,1.4,1.7,-1.0,-1.0,Desaprobado,0,2022,Verano,0,,
387,2.7,0.9,-1.0,-1.0,-1.0,-1.0,Abandonó,0,2022,Verano,0,,
388,0.0,0.3,-1.0,-1.0,-1.0,-1.0,Abandonó,0,2022,Verano,0,,
389,-1.0,-1.0,-1.0,-1.0,-1.0,-1.0,Libre,0,2022,Verano,0,,
390,0.0,0.4,-1.0,-1.0,-1.0,-1.0,Abandonó,0,2022,Verano,0,,
391,-1.0,-1.0,-1.0,-1.0,-1.0,-1.0,Libre,0,2022,Verano,0,,
392,-1.0,-1.0,-1.0,-1.0,-1.0,-1.0,Libre,0,2022,Verano,0,,
393,0.8,1.1,0.0,0.7,-1.0,-1.0,Desaprobado,0,2022,Verano,0,,
394,9.1,-1.0,6.4,-1.0,-1.0,-1.0,Promocionado,8,2022,Verano,0,,
395,3.0,0.0,-1.0,-1.0,-1.0,-1.0,Abandonó,0,2022,Verano,0,,
396,-1.0,-1.0,-1.0,-1.0,-1.0,-1.0,Libre,0,2022,Verano,0,,
397,-1.0,-1.0,-1.0,-1.0,-1.0,-1.0,Libre,0,2022,Verano,0,,
398,-1.0,0.0,-1.0,-1.0,-1.0,-1.0,Abandonó,0,2022,Verano,0,,
399,0.0,0.0,-1.0,-1.0,-1.0,-1.0,Abandonó,0,2022,Verano,0,,
400,-1.0,-1.0,-1.0,-1.0,-1.0,-1.0,Libre,0,2022,Verano,0,,
401,0.0,0.0,-1.0,-1.0,-1.0,-1.0,Abandonó,0,2022,Verano,0,,
402,-1.0,-1.0,-1.0,-1.0,-1.0,-1.0,Libre,0,2022,Verano,0,,
403,1.3,0.6,1.2,1.0,-1.0,-1.0,Desaprobado,0,2022,Verano,0,,
404,-1.0,-1.0,-1.0,-1.0,-1.0,-1.0,Libre,0,2022,Verano,0,,
405,-1.0,-1.0,-1.0,-1.0,-1.0,-1.0,Libre,0,2022,Verano,0,,
406,2.2,3.4,2.15,3.5,-1.0,-1.0,Desaprobado,0,2022,1er Semestre,0,,G1
407,-1.0,-1.0,-1.0,-1.0,-1.0,-1.0,Libre,0,2022,1er Semestre,0,,G1
408,-1.0,-1.0,-1.0,-1.0,-1.0,-1.0,Libre,0,2022,1er Semestre,0,,G1
409,-1.0,-1.0,-1.0,-1.0,-1.0,-1.0,Libre,0,2022,1er Semestre,0,,G1
410,-1.0,-1.0,-1.0,-1.0,-1.0,-1.0,Libre,0,2022,1er Semestre,0,,G1
411,7.9,-1.0,4.8,-1.0,-1.0,-1.0,Promocionado,6,2022,1er Semestre,0,,G1
412,1.1,-1.0,-1.0,-1.0,-1.0,-1.0,Abandonó,0,2022,1er Semestre,0,,G1
413,0.0,0.0,0.0,-1.0,-1.0,-1.0,Abandonó,0,2022,1er Semestre,0,,G1
414,-1.0,-1.0,-1.0,-1.0,-1.0,-1.0,Libre,0,2022,1er Semestre,0,,G1
415,0.6,-1.0,-1.0,-1.0,-1.0,-1.0,Abandonó,0,2022,1er Semestre,0,,G1
416,0.0,0.2,0.6,-1.0,-1.0,-1.0,Abandonó,0,2022,1er Semestre,0,,G1
417,-1.0,-1.0,-1.0,-1.0,-1.0,-1.0,Libre,0,2022,1er Semestre,0,,G1
418,-1.0,-1.0,-1.0,-1.0,-1.0,-1.0,Libre,0,2022,1er Semestre,0,,G1
419,-1.0,-1.0,1.1,0.9,-1.0,-1.0,Desaprobado,0,2022,1er Semestre,0,,G1
420,0.0,0.0,0.2,0.5,-1.0,-1.0,Desaprobado,0,2022,1er Semestre,0,,G1
421,-1.0,-1.0,-1.0,-1.0,-1.0,-1.0,Libre,0,2022,1er Semestre,0,,G1
422,0.4,-1.0,-1.0,-1.0,-1.0,-1.0,Abandonó,0,2022,1er Semestre,0,,G1
423,-1.0,-1.0,-1.0,-1.0,-1.0,-1.0,Libre,0,2022,1er Semestre,0,,G1
424,-1.0,-1.0,-1.0,-1.0,-1.0,-1.0,Libre,0,2022,1er Semestre,0,,G1
425,6.1,-1.0,7.8,-1.0,-1.0,-1.0,Promocionado,7,2022,1er Semestre,0,,G1
426,6.0,-1.0,5.1,6.0,-1.0,-1.0,Promocionado,6,2022,1er Semestre,0,,G1
427,-1.0,-1.0,-1.0,-1.0,-1.0,-1.0,Libre,0,2022,1er Semestre,0,,G1
428,5.3,-1.0,4.6,6.9,-1.0,-1.0,Promocionado,7,2022,1er Semestre,0,,G1
429,-1.0,-1.0,-1.0,-1.0,-1.0,-1.0,Libre,0,2022,1er Semestre,0,,G1
430,-1.0,-1.0,-1.0,-1.0,-1.0,-1.0,Libre,0,2022,1er Semestre,0,,G1
431,6.3,-1.0,3.4,5.75,-1.0,-1.0,Promocionado,6,2022,1er Semestre,0,,G1
432,0.0,1.2,-1.0,0.2,-1.0,-1.0,Desaprobado,0,2022,1er Semestre,0,,G1
433,-1.0,2.7,-1.0,-1.0,-1.0,-1.0,Abandonó,0,2022,1er Semestre,0,,G1
434,-1.0,-1.0,-1.0,-1.0,-1.0,-1.0,Libre,0,2022,1er Semestre,0,,G1
435,6.5,-1.0,7.1,-1.0,-1.0,-1.0,Promocionado,7,2022,1er Semestre,0,,G1
436,6.1,-1.0,5.3,6.0,-1.0,-1.0,Promocionado,6,2022,1er Semestre,0,,G1
437,5.2,-1.0,1.0,3.2,-1.0,8.3,Promocionado,7,2022,1er Semestre,0,,G1
438,1.3,0.6,1.7,2.75,-1.0,-1.0,Desaprobado,0,2022,1er Semestre,0,,G1
439,-1.0,-1.0,-1.0,-1.0,-1.0,-1.0,Libre,0,2022,1er Semestre,0,,G1
440,3.2,-1.0,-1.0,-1.0,-1.0,-1.0,Abandonó,0,2022,1er Semestre,0,,G1
441,-1.0,-1.0,-1.0,-1.0,-1.0,-1.0,Libre,0,2022,1er Semestre,0,,G1
442,1.0,-1.0,2.1,1.9,-1.0,-1.0,Desaprobado,0,2022,1er Semestre,0,,G1
443,3.5,2.4,4.7,5.45,7.0,-1.0,Promocionado,6,2022,1er Semestre,0,,G1
444,4.8,-1.0,4.1,7.65,-1.0,-1.0,Promocionado,7,2022,1er Semestre,0,,G1
445,5.7,-1.0,-1.0,2.1,-1.0,3.5,Desaprobado,0,2022,1er Semestre,0,,G1
446,6.3,-1.0,6.1,-1.0,-1.0,-1.0,Promocionado,7,2022,1er Semestre,0,,G1
447,0.0,0.0,-1.0,-1.0,-1.0,-1.0,Abandonó,0,2022,1er Semestre,0,,G1
448,-1.0,-1.0,-1.0,-1.0,-1.0,-1.0,Libre,0,2022,1er Semestre,0,,G1
449,4.8,-1.0,3.6,0.0,-1.0,-1.0,Abandonó,0,2022,1er Semestre,0,,G1
450,-1.0,-1.0,-1.0,-1.0,-1.0,-1.0,Libre,0,2022,1er Semestre,0,,G1
451,0.3,1.3,-1.0,0.0,-1.0,-1.0,Desaprobado,0,2022,1er Semestre,0,,G1
452,1.2,3.1,-1.0,-1.0,-1.0,-1.0,Abandonó,0,2022,1er Semestre,0,,G1
453,3.0,2.6,2.9,2.25,-1.0,-1.0,Desaprobado,0,2022,1er Semestre,0,,G1
454,2.3,3.6,1.2,0.7,-1.0,-1.0,Desaprobado,0,2022,1er Semestre,0,,G1
455,-1.0,-1.0,-1.0,-1.0,-1.0,-1.0,Libre,0,2022,1er Semestre,0,,G1
456,0.0,0.0,-1.0,0.5,-1.0,-1.0,Desaprobado,0,2022,1er Semestre,0,,G1
457,5.7,-1.0,3.1,6.6,-1.0,-1.0,Promocionado,6,2022,1er Semestre,0,,G1
458,-1.0,-1.0,-1.0,-1.0,-1.0,-1.0,Libre,0,2022,1er Semestre,0,,G1
459,6.2,-1.0,5.0,6.0,-1.0,-1.0,Promocionado,6,2022,1er Semestre,0,,G1
460,6.2,-1.0,4.9,6.0,-1.0,-1.0,Promocionado,6,2022,1er Semestre,0,,G1
461,5.4,-1.0,2.5,6.05,-1.0,6.6,Promocionado,6,2022,1er Semestre,0,,G1
462,2.8,5.2,-1.0,2.2,-1.0,-1.0,Abandonó,0,2022,1er Semestre,0,,G1
463,2.1,4.9,2.1,6.8,-1.0,-1.0,Promocionado,6,2022,1er Semestre,0,,G1
464,-1.0,-1.0,-1.0,-1.0,-1.0,-1.0,Libre,0,2022,1er Semestre,0,,G1
465,4.2,5.5,1.3,0.0,-1.0,3.3,Desaprobado,0,2022,1er Semestre,0,,G1
466,-1.0,-1.0,-1.0,-1.0,-1.0,-1.0,Libre,0,2022,1er Semestre,0,,G1
467,8.5,-1.0,6.7,-1.0,-1.0,-1.0,Promocionado,8,2022,1er Semestre,0,,G1
468,0.8,0.4,-1.0,-1.0,-1.0,-1.0,Abandonó,0,2022,1er Semestre,0,,G1
469,1.1,0.4,-1.0,-1.0,-1.0,-1.0,Abandonó,0,2022,1er Semestre,0,,G1
470,6.7,-1.0,6.5,-1.0,-1.0,-1.0,Promocionado,7,2022,1er Semestre,0,,G1
471,7.0,-1.0,5.2,-1.0,-1.0,-1.0,Promocionado,6,2022,1er Semestre,0,,G1
472,10.0,-1.0,10.0,-1.0,-1.0,-1.0,Promocionado,10,2022,1er Semestre,0,,G1
473,2.0,4.0,1.4,3.4,-1.0,-1.0,Abandonó,0,2022,1er Semestre,0,,G1
474,1.7,5.2,1.7,4.15,-1.0,4.7,Desaprobado,0,2022,1er Semestre,0,,G1
475,1.7,1.9,5.5,-1.0,6.5,-1.0,Promocionado,6,2022,1er Semestre,0,,G1
476,-1.0,-1.0,-1.0,-1.0,-1.0,-1.0,Libre,0,2022,1er Semestre,0,,G1
477,-1.0,-1.0,-1.0,-1.0,-1.0,-1.0,Libre,0,2022,1er Semestre,0,,G1
478,-1.0,0.0,-1.0,-1.0,-1.0,-1.0,Abandonó,0,2022,1er Semestre,0,,G1
479,-1.0,-1.0,-1.0,-1.0,-1.0,-1.0,Libre,0,2022,1er Semestre,0,,G1
480,1.8,-1.0,-1.0,-1.0,-1.0,-1.0,Abandonó,0,2022,1er Semestre,0,,G1
481,0.9,1.8,-1.0,-1.0,-1.0,-1.0,Abandonó,0,2022,1er Semestre,0,,G1
482,-1.0,-1.0,-1.0,-1.0,-1.0,-1.0,Libre,0,2022,1er Semestre,0,,G1
483,1.6,1.8,2.4,3.6,-1.0,-1.0,Desaprobado,0,2022,1er Semestre,0,,G1
484,2.2,3.7,-1.0,-1.0,-1.0,-1.0,Abandonó,0,2022,1er Semestre,0,,G1
485,2.4,2.9,-1.0,-1.0,-1.0,-1.0,Abandonó,0,2022,1er Semestre,0,,G1
486,1.6,1.0,-1.0,-1.0,-1.0,-1.0,Abandonó,0,2022,1er Semestre,0,,G1
487,0.4,0.8,-1.0,-1.0,-1.0,-1.0,Abandonó,0,2022,1er Semestre,0,,G1
488,-1.0,-1.0,-1.0,-1.0,-1.0,-1.0,Libre,0,2022,1er Semestre,0,,G1
489,0.8,1.2,-1.0,-1.0,-1.0,-1.0,Abandonó,0,2022,1er Semestre,0,,G1
490,1.6,0.7,1.6,2.6,-1.0,-1.0,Desaprobado,0,2022,1er Semestre,0,,G1
491,-1.0,-1.0,-1.0,-1.0,-1.0,-1.0,Libre,0,2022,1er Semestre,0,,G1
492,2.9,3.7,3.1,5.6,4.6,-1.0,Desaprobado,0,2022,1er Semestre,0,,G1
493,-1.0,1.0,0.3,-1.0,-1.0,-1.0,Abandonó,0,2022,1er Semestre,0,,G1
494,-1.0,-1.0,-1.0,-1.0,-1.0,-1.0,Libre,0,2022,1er Semestre,0,,G1
495,0.9,2.0,-1.0,-1.0,-1.0,-1.0,Abandonó,0,2022,1er Semestre,0,,G1
496,-1.0,-1.0,-1.0,-1.0,-1.0,-1.0,Libre,0,2022,1er Semestre,0,,G1
497,-1.0,-1.0,-1.0,-1.0,-1.0,-1.0,Libre,0,2022,1er Semestre,0,,G1
498,-1.0,-1.0,-1.0,-1.0,-1.0,-1.0,Libre,0,2022,1er Semestre,0,,G1
499,0.4,0.8,1.2,2.4,-1.0,-1.0,Desaprobado,0,2022,1er Semestre,0,,G1
500,-1.0,-1.0,-1.0,-1.0,-1.0,-1.0,Libre,0,2022,1er Semestre,0,,G1
501,1.2,-1.0,-1.0,-1.0,-1.0,-1.0,Abandonó,0,2022,1er Semestre,0,,G1
502,6.9,-1.0,2.6,5.05,-1.0,-1.0,Promocionado,6,2022,1er Semestre,0,,G1
503,-1.0,-1.0,-1.0,-1.0,-1.0,-1.0,Libre,0,2022,1er Semestre,0,,G1
504,2.4,1.7,2.9,6.0,7.5,-1.0,Promocionado,8,2022,1er Semestre,0,,G1
505,-1.0,-1.0,-1.0,-1.0,-1.0,-1.0,Libre,0,2022,1er Semestre,0,,G1
506,0.0,-1.0,-1.0,-1.0,-1.0,-1.0,Abandonó,0,2022,1er Semestre,0,,G1
507,2.0,-1.0,1.6,5.2,2.5,-1.0,Desaprobado,0,2022,1er Semestre,0,,G1
508,-1.0,-1.0,-1.0,-1.0,-1.0,-1.0,Libre,0,2022,1er Semestre,0,,G1
509,6.3,-1.0,4.0,6.05,-1.0,-1.0,Promocionado,6,2022,1er Semestre,0,,G1
510,0.0,0.0,-1.0,-1.0,-1.0,-1.0,Abandonó,0,2022,1er Semestre,0,,G1
511,8.5,-1.0,7.4,-1.0,-1.0,-1.0,Promocionado,9,2022,1er Semestre,0,,G1
512,8.0,-1.0,7.0,-1.0,-1.0,-1.0,Promocionado,8,2022,1er Semestre,0,,G1
513,1.5,2.9,2.4,1.7,-1.0,-1.0,Desaprobado,0,2022,1er Semestre,0,,G1
514,0.0,-1.0,-1.0,-1.0,-1.0,-1.0,Abandonó,0,2022,1er Semestre,0,,G1
515,0.0,1.2,-1.0,-1.0,-1.0,-1.0,Abandonó,0,2022,1er Semestre,0,,G1
516,7.2,-1.0,7.5,-1.0,-1.0,-1.0,Promocionado,7,2022,1er Semestre,0,,G7
517,0.0,-1.0,-1.0,-1.0,-1.0,-1.0,Abandonó,0,2022,1er Semestre,0,,G7
518,-1.0,-1.0,-1.0,-1.0,-1.0,-1.0,Libre,0,2022,1er Semestre,0,,G7
519,0.0,0.0,0.0,0.0,-1.0,-1.0,Desaprobado,0,2022,1er Semestre,0,,G7
520,0.0,4.3,4.0,6.6,-1.0,5.8,Desaprobado,0,2022,1er Semestre,0,,G7
521,-1.0,-1.0,-1.0,-1.0,-1.0,-1.0,Libre,0,2022,1er Semestre,0,,G7
522,0.0,0.0,0.0,0.0,-1.0,-1.0,Desaprobado,0,2022,1er Semestre,0,,G7
523,0.0,0.0,0.0,7.2,4.8,-1.0,Promocionado,6,2022,1er Semestre,0,,G7
524,0.0,0.0,0.0,0.0,-1.0,-1.0,Desaprobado,0,2022,1er Semestre,0,,G7
525,-1.0,-1.0,-1.0,-1.0,-1.0,-1.0,Libre,0,2022,1er Semestre,0,,G7
526,-1.0,-1.0,-1.0,-1.0,-1.0,-1.0,Libre,0,2022,1er Semestre,0,,G7
527,0.0,0.0,-1.0,-1.0,-1.0,-1.0,Abandonó,0,2022,1er Semestre,0,,G7
528,0.0,0.0,-1.0,-1.0,-1.0,-1.0,Abandonó,0,2022,1er Semestre,0,,G7
529,0.0,0.0,-1.0,-1.0,-1.0,-1.0,Abandonó,0,2022,1er Semestre,0,,G7
530,4.3,8.1,4.8,-1.0,-1.0,-1.0,Promocionado,6,2022,1er Semestre,0,,G7
531,5.0,-1.0,7.7,-1.0,-1.0,-1.0,Promocionado,7,2022,1er Semestre,0,,G7
532,0.0,-1.0,-1.0,-1.0,-1.0,-1.0,Abandonó,0,2022,1er Semestre,0,,G7
533,0.0,0.0,0.0,0.0,-1.0,-1.0,Desaprobado,0,2022,1er Semestre,0,,G7
534,-1.0,0.0,-1.0,-1.0,-1.0,-1.0,Abandonó,0,2022,1er Semestre,0,,G7
535,-1.0,-1.0,-1.0,-1.0,-1.0,-1.0,Libre,0,2022,1er Semestre,0,,G7
536,-1.0,-1.0,-1.0,-1.0,-1.0,-1.0,Libre,0,2022,1er Semestre,0,,G7
537,8.7,-1.0,5.5,-1.0,-1.0,-1.0,Promocionado,7,2022,1er Semestre,0,,G7
538,0.0,0.0,0.0,-1.0,-1.0,-1.0,Abandonó,0,2022,1er Semestre,0,,G7
539,-1.0,-1.0,-1.0,-1.0,-1.0,-1.0,Libre,0,2022,1er Semestre,0,,G7
540,0.0,0.0,-1.0,-1.0,-1.0,-1.0,Abandonó,0,2022,1er Semestre,0,,G7
541,-1.0,-1.0,-1.0,-1.0,-1.0,-1.0,Libre,0,2022,1er Semestre,0,,G7
542,0.0,0.0,0.0,0.0,-1.0,-1.0,Desaprobado,0,2022,1er Semestre,0,,G7
543,-1.0,-1.0,-1.0,-1.0,-1.0,-1.0,Libre,0,2022,1er Semestre,0,,G7
544,-1.0,-1.0,-1.0,-1.0,-1.0,-1.0,Libre,0,2022,1er Semestre,0,,G7
545,0.0,0.0,-1.0,-1.0,-1.0,-1.0,Abandonó,0,2022,1er Semestre,0,,G7
546,-1.0,-1.0,-1.0,-1.0,-1.0,-1.0,Libre,0,2022,1er Semestre,0,,G7
547,-1.0,-1.0,-1.0,-1.0,-1.0,-1.0,Libre,0,2022,1er Semestre,0,,G7
548,-1.0,-1.0,-1.0,-1.0,-1.0,-1.0,Libre,0,2022,1er Semestre,0,,G7
549,-1.0,4.5,-1.0,0.0,-1.0,-1.0,Abandonó,0,2022,1er Semestre,0,,G7
550,0.0,0.0,0.0,-1.0,-1.0,-1.0,Abandonó,0,2022,1er Semestre,0,,G7
551,0.0,0.0,0.0,4.0,0.0,-1.0,Desaprobado,0,2022,1er Semestre,0,,G7
552,0.0,-1.0,-1.0,-1.0,-1.0,-1.0,Abandonó,0,2022,1er Semestre,0,,G7
553,4.7,-1.0,-1.0,-1.0,-1.0,-1.0,Abandonó,0,2022,1er Semestre,0,,G7
554,5.4,-1.0,5.0,4.7,-1.0,8.6,Promocionado,7,2022,1er Semestre,0,,G7
555,0.0,0.0,0.0,0.0,-1.0,-1.0,Desaprobado,0,2022,1er Semestre,0,,G7
556,-1.0,-1.0,-1.0,-1.0,-1.0,-1.0,Libre,0,2022,1er Semestre,0,,G7
557,0.0,0.0,-1.0,-1.0,-1.0,-1.0,Abandonó,0,2022,1er Semestre,0,,G7
558,0.0,-1.0,-1.0,-1.0,-1.0,-1.0,Abandonó,0,2022,1er Semestre,0,,G7
559,0.0,0.0,0.0,-1.0,-1.0,-1.0,Abandonó,0,2022,1er Semestre,0,,G7
560,0.0,0.0,0.0,-1.0,-1.0,-1.0,Abandonó,0,2022,1er Semestre,0,,G7
561,0.0,0.0,-1.0,-1.0,-1.0,-1.0,Abandonó,0,2022,1er Semestre,0,,G7
562,5.6,-1.0,6.4,-1.0,-1.0,-1.0,Promocionado,6,2022,1er Semestre,0,,G7
563,0.0,0.0,0.0,-1.0,-1.0,-1.0,Abandonó,0,2022,1er Semestre,0,,G7
564,6.5,-1.0,5.5,-1.0,-1.0,-1.0,Promocionado,6,2022,1er Semestre,0,,G7
565,4.1,-1.0,0.0,7.15,-1.0,-1.0,Promocionado,6,2022,1er Semestre,0,,G7
566,0.0,0.0,0.0,0.0,-1.0,-1.0,Desaprobado,0,2022,1er Semestre,0,,G7
567,0.0,-1.0,-1.0,-1.0,-1.0,-1.0,Abandonó,0,2022,1er Semestre,0,,G7
568,0.0,0.0,0.0,0.0,-1.0,-1.0,Desaprobado,0,2022,1er Semestre,0,,G7
569,7.4,-1.0,0.0,5.65,-1.0,-1.0,Promocionado,7,2022,1er Semestre,0,,G7
570,4.4,-1.0,4.6,8.1,-1.0,-1.0,Promocionado,6,2022,1er Semestre,0,,G7
571,4.6,-1.0,5.0,5.85,8.3,-1.0,Promocionado,8,2022,1er Semestre,0,,G7
572,-1.0,-1.0,-1.0,-1.0,-1.0,-1.0,Libre,0,2022,1er Semestre,0,,G7
573,0.0,0.0,-1.0,-1.0,-1.0,-1.0,Abandonó,0,2022,1er Semestre,0,,G7
574,-1.0,-1.0,-1.0,-1.0,-1.0,-1.0,Libre,0,2022,1er Semestre,0,,G7
575,0.0,0.0,-1.0,-1.0,-1.0,-1.0,Abandonó,0,2022,1er Semestre,0,,G7
576,0.0,0.0,0.0,6.65,0.0,-1.0,Desaprobado,0,2022,1er Semestre,0,,G7
577,0.0,-1.0,-1.0,-1.0,-1.0,-1.0,Abandonó,0,2022,1er Semestre,0,,G7
578,-1.0,-1.0,-1.0,-1.0,-1.0,-1.0,Libre,0,2022,1er Semestre,0,,G7
579,0.0,0.0,0.0,0.0,-1.0,-1.0,Desaprobado,0,2022,1er Semestre,0,,G7
580,5.9,-1.0,6.1,-1.0,-1.0,-1.0,Promocionado,6,2022,1er Semestre,0,,G7
581,0.0,-1.0,-1.0,-1.0,-1.0,-1.0,Abandonó,0,2022,1er Semestre,0,,G7
582,-1.0,-1.0,-1.0,-1.0,-1.0,-1.0,Libre,0,2022,1er Semestre,0,,G7
583,0.0,0.0,-1.0,-1.0,-1.0,-1.0,Abandonó,0,2022,1er Semestre,0,,G7
584,-1.0,-1.0,-1.0,-1.0,-1.0,-1.0,Libre,0,2022,1er Semestre,0,,G7
585,-1.0,-1.0,-1.0,-1.0,-1.0,-1.0,Libre,0,2022,1er Semestre,0,,G7
586,0.0,-1.0,-1.0,0.0,-1.0,-1.0,Desaprobado,0,2022,1er Semestre,0,,G7
587,-1.0,4.0,-1.0,0.0,-1.0,6.7,Desaprobado,0,2022,1er Semestre,0,,G7
588,-1.0,-1.0,-1.0,-1.0,-1.0,-1.0,Libre,0,2022,1er Semestre,0,,G7
589,0.0,0.0,0.0,0.0,-1.0,-1.0,Desaprobado,0,2022,1er Semestre,0,,G7
590,0.0,0.0,0.0,0.0,-1.0,-1.0,Desaprobado,0,2022,1er Semestre,0,,G7
591,0.0,4.8,0.0,0.0,-1.0,4.0,Desaprobado,0,2022,1er Semestre,0,,G7
592,0.0,0.0,-1.0,-1.0,-1.0,-1.0,Abandonó,0,2022,1er Semestre,0,,G7
593,-1.0,-1.0,-1.0,-1.0,-1.0,-1.0,Libre,0,2022,1er Semestre,0,,G7
594,0.0,0.0,-1.0,-1.0,-1.0,-1.0,Abandonó,0,2022,1er Semestre,0,,G7
595,-1.0,-1.0,-1.0,-1.0,-1.0,-1.0,Libre,0,2022,1er Semestre,0,,G7
596,-1.0,-1.0,-1.0,-1.0,-1.0,-1.0,Libre,0,2022,1er Semestre,0,,G7
597,0.0,6.5,0.0,4.85,-1.0,5.5,Promocionado,6,2022,1er Semestre,0,,G7
598,0.0,0.0,0.0,0.0,-1.0,-1.0,Desaprobado,0,2022,1er Semestre,0,,G7
599,0.0,-1.0,-1.0,-1.0,-1.0,-1.0,Abandonó,0,2022,1er Semestre,0,,G7
600,8.0,-1.0,6.0,-1.0,-1.0,-1.0,Promocionado,7,2022,1er Semestre,0,,G7
601,4.2,-1.0,0.0,-1.0,-1.0,-1.0,Abandonó,0,2022,1er Semestre,0,,G7
602,-1.0,0.0,0.0,-1.0,-1.0,-1.0,Abandonó,0,2022,1er Semestre,0,,G7
603,-1.0,-1.0,-1.0,-1.0,-1.0,-1.0,Libre,0,2022,1er Semestre,0,,G7
604,-1.0,-1.0,-1.0,-1.0,-1.0,-1.0,Libre,0,2022,1er Semestre,0,,G7
605,0.0,0.0,-1.0,-1.0,-1.0,-1.0,Abandonó,0,2022,1er Semestre,0,,G7
606,-1.0,-1.0,-1.0,-1.0,-1.0,-1.0,Libre,0,2022,1er Semestre,0,,G7
607,10.0,-1.0,9.1,-1.0,-1.0,-1.0,Promocionado,10,2022,1er Semestre,0,,G7
608,0.0,0.0,-1.0,-1.0,-1.0,-1.0,Abandonó,0,2022,1er Semestre,0,,G7
609,0.0,-1.0,-1.0,-1.0,-1.0,-1.0,Abandonó,0,2022,1er Semestre,0,,G7
610,-1.0,-1.0,-1.0,-1.0,-1.0,-1.0,Libre,0,2022,1er Semestre,0,,G7
611,-1.0,-1.0,-1.0,-1.0,-1.0,-1.0,Libre,0,2022,1er Semestre,0,,G7
612,0.0,5.4,-1.0,-1.0,-1.0,-1.0,Abandonó,0,2022,1er Semestre,0,,G7
613,4.0,5.7,6.4,-1.0,-1.0,-1.0,Promocionado,6,2022,1er Semestre,0,,G7
614,0.0,0.0,-1.0,-1.0,-1.0,-1.0,Abandonó,0,2022,1er Semestre,0,,G7
615,-1.0,-1.0,-1.0,-1.0,-1.0,-1.0,Libre,0,2022,1er Semestre,0,,G7
616,-1.0,-1.0,-1.0,-1.0,-1.0,-1.0,Libre,0,2022,1er Semestre,0,,G7
617,-1.0,-1.0,-1.0,-1.0,-1.0,-1.0,Libre,0,2022,1er Semestre,0,,G7
618,0.0,0.0,0.0,-1.0,-1.0,-1.0,Abandonó,0,2022,1er Semestre,0,,G7
619,-1.0,-1.0,-1.0,-1.0,-1.0,-1.0,Libre,0,2022,1er Semestre,0,,G7
620,5.0,-1.0,-1.0,-1.0,-1.0,0.0,Abandonó,0,2022,Anticipada,0,,
621,-1.0,-1.0,-1.0,-1.0,-1.0,-1.0,Libre,0,2022,Anticipada,0,,
622,2.2,3.7,0.2,0.3,-1.0,-1.0,Desaprobado,0,2022,Anticipada,0,,
623,-1.0,-1.0,-1.0,-1.0,-1.0,-1.0,Libre,0,2022,Anticipada,0,,
624,9.0,-1.0,7.0,-1.0,-1.0,-1.0,Promocionado,8,2022,Anticipada,0,,
625,4.6,3.5,-1.0,-1.0,-1.0,-1.0,Abandonó,0,2022,Anticipada,0,,
626,4.8,-1.0,4.5,6.2,6.8,-1.0,Promocionado,7,2022,Anticipada,0,,
627,6.3,-1.0,4.0,6.1,-1.0,-1.0,Promocionado,6,2022,Anticipada,0,,
628,4.1,-1.0,2.6,4.4,-1.0,6.3,Desaprobado,0,2022,Anticipada,0,,
629,8.4,-1.0,7.6,-1.0,-1.0,-1.0,Promocionado,8,2022,Anticipada,0,,
630,9.0,-1.0,6.0,-1.0,-1.0,-1.0,Promocionado,8,2022,Anticipada,0,,
631,0.3,0.0,-1.0,-1.0,-1.0,-1.0,Abandonó,0,2022,Anticipada,0,,
632,1.4,1.6,4.7,5.0,4.6,-1.0,Desaprobado,0,2022,Anticipada,0,,
633,4.8,3.0,-1.0,-1.0,-1.0,-1.0,Abandonó,0,2022,Anticipada,0,,
634,0.5,-1.0,-1.0,-1.0,-1.0,-1.0,Abandonó,0,2022,Anticipada,0,,
635,2.0,3.6,0.2,1.2,-1.0,-1.0,Desaprobado,0,2022,Anticipada,0,,
636,8.5,-1.0,5.9,-1.0,-1.0,-1.0,Promocionado,7,2022,Anticipada,0,,
637,-1.0,-1.0,-1.0,-1.0,-1.0,-1.0,Libre,0,2022,Anticipada,0,,
638,4.0,5.8,-1.0,2.6,-1.0,3.4,Desaprobado,0,2022,Anticipada,0,,
639,4.5,9.0,0.2,5.2,-1.0,-1.0,Promocionado,7,2022,Anticipada,0,,
640,3.1,3.0,-1.0,1.6,-1.0,-1.0,Desaprobado,0,2022,Anticipada,0,,
641,-1.0,0.4,-1.0,-1.0,-1.0,-1.0,Abandonó,0,2022,Anticipada,0,,
642,-1.0,-1.0,-1.0,-1.0,-1.0,-1.0,Libre,0,2022,Anticipada,0,,
643,5.7,-1.0,1.3,5.9,-1.0,-1.0,Promocionado,6,2022,Anticipada,0,,
644,8.4,-1.0,6.3,-1.0,-1.0,-1.0,Promocionado,8,2022,Anticipada,0,,
645,0.0,0.0,-1.0,-1.0,-1.0,-1.0,Abandonó,0,2022,Anticipada,0,,
646,5.6,-1.0,0.9,5.2,-1.0,5.4,Desaprobado,0,2022,Anticipada,0,,
647,0.8,-1.0,-1.0,-1.0,-1.0,-1.0,Abandonó,0,2022,Anticipada,0,,
648,-1.0,-1.0,-1.0,-1.0,-1.0,-1.0,Libre,0,2022,Anticipada,0,,
649,-1.0,-1.0,-1.0,-1.0,-1.0,-1.0,Libre,0,2022,Anticipada,0,,
650,-1.0,-1.0,-1.0,-1.0,-1.0,-1.0,Libre,0,2022,Anticipada,0,,
651,5.8,-1.0,-1.0,-1.0,-1.0,-1.0,Abandonó,0,2022,Anticipada,0,,
652,-1.0,-1.0,-1.0,-1.0,-1.0,-1.0,Libre,0,2022,Anticipada,0,,
653,-1.0,-1.0,-1.0,-1.0,-1.0,-1.0,Libre,0,2022,Anticipada,0,,
654,5.8,-1.0,3.8,7.8,-1.0,-1.0,Promocionado,7,2022,Anticipada,0,,
655,6.9,-1.0,3.3,3.3,-1.0,5.1,Promocionado,6,2022,Anticipada,0,,
656,1.6,-1.0,-1.0,-1.0,-1.0,-1.0,Abandonó,0,2022,Anticipada,0,,
657,-1.0,-1.0,-1.0,-1.0,-1.0,-1.0,Libre,0,2022,Anticipada,0,,
658,2.4,1.2,0.6,1.9,-1.0,-1.0,Desaprobado,0,2022,Anticipada,0,,
659,2.8,-1.0,-1.0,-1.0,-1.0,-1.0,Abandonó,0,2022,Anticipada,0,,
660,-1.0,-1.0,-1.0,-1.0,-1.0,-1.0,Libre,0,2022,Anticipada,0,,
661,-1.0,-1.0,-1.0,-1.0,-1.0,-1.0,Libre,0,2022,Anticipada,0,,
662,7.2,-1.0,4.4,5.4,-1.0,8.6,Promocionado,8,2022,Anticipada,0,,
663,4.8,4.0,4.6,-1.0,7.3,-1.0,Promocionado,6,2022,Anticipada,0,,
664,6.9,-1.0,5.9,-1.0,-1.0,-1.0,Promocionado,7,2022,Anticipada,0,,
665,0.3,3.1,0.7,1.4,-1.0,-1.0,Desaprobado,0,2022,Anticipada,0,,
666,0.3,1.3,2.1,1.8,-1.0,-1.0,Desaprobado,0,2022,Anticipada,0,,
667,-1.0,-1.0,-1.0,-1.0,-1.0,-1.0,Libre,0,2022,Anticipada,0,,
668,8.9,-1.0,6.7,-1.0,-1.0,-1.0,Promocionado,8,2022,Anticipada,0,,
669,-1.0,-1.0,-1.0,-1.0,-1.0,-1.0,Libre,0,2022,Anticipada,0,,
670,9.7,-1.0,6.7,-1.0,-1.0,-1.0,Promocionado,9,2022,Anticipada,0,,
671,-1.0,-1.0,-1.0,-1.0,-1.0,-1.0,Libre,0,2022,Anticipada,0,,
672,4.8,6.5,3.0,3.1,-1.0,7.7,Promocionado,7,2022,Anticipada,0,,
673,3.7,8.3,6.2,-1.0,-1.0,-1.0,Promocionado,8,2022,Anticipada,0,,
674,-1.0,-1.0,-1.0,-1.0,-1.0,-1.0,Libre,0,2022,Anticipada,0,,
675,4.0,-1.0,0.7,1.5,-1.0,3.6,Desaprobado,0,2022,Anticipada,0,,
676,4.5,-1.0,-1.0,-1.0,-1.0,-1.0,Abandonó,0,2022,Anticipada,0,,
677,5.0,-1.0,5.5,6.9,-1.0,-1.0,Promocionado,6,2022,Anticipada,0,,
678,-1.0,-1.0,-1.0,-1.0,-1.0,-1.0,Libre,0,2022,Anticipada,0,,
679,1.7,6.0,2.7,6.2,-1.0,-1.0,Promocionado,6,2022,Anticipada,0,,
680,2.9,5.5,3.5,4.0,-1.0,7.2,Promocionado,6,2022,Anticipada,0,,
681,6.3,-1.0,2.6,2.1,-1.0,6.1,Promocionado,6,2022,Anticipada,0,,
682,1.4,3.5,-1.0,-1.0,-1.0,-1.0,Abandonó,0,2022,Anticipada,0,,
683,5.9,-1.0,3.6,4.7,-1.0,7.9,Promocionado,7,2022,Anticipada,0,,
684,0.0,0.0,-1.0,-1.0,-1.0,-1.0,Abandonó,0,2022,Anticipada,0,,
685,5.9,-1.0,4.2,6.6,-1.0,-1.0,Promocionado,6,2022,Anticipada,0,,
686,-1.0,-1.0,-1.0,-1.0,-1.0,-1.0,Libre,0,2022,Anticipada,0,,
687,-1.0,0.4,1.1,-1.0,-1.0,-1.0,Abandonó,0,2022,Anticipada,0,,
688,0.7,-1.0,-1.0,-1.0,-1.0,-1.0,Abandonó,0,2022,Anticipada,0,,
689,-1.0,-1.0,-1.0,-1.0,-1.0,-1.0,Libre,0,2022,Anticipada,0,,
690,-1.0,-1.0,-1.0,-1.0,-1.0,-1.0,Libre,0,2022,Anticipada,0,,
691,0.5,-1.0,-1.0,-1.0,-1.0,-1.0,Abandonó,0,2023,1er Semestre,0,,
692,4.3,1.8,4.3,-1.0,-1.0,-1.0,Abandonó,0,2023,1er Semestre,0,,
693,2.1,-1.0,-1.0,-1.0,-1.0,-1.0,Abandonó,0,2023,1er Semestre,0,,
694,-1.0,-1.0,-1.0,-1.0,-1.0,-1.0,Libre,0,2023,1er Semestre,0,,
695,7.0,-1.0,5.5,-1.0,-1.0,-1.0,Promocionado,6,2023,1er Semestre,0,,
696,0.0,0.0,0.3,0.0,-1.0,-1.0,Desaprobado,0,2023,1er Semestre,0,,
697,3.5,1.4,-1.0,-1.0,-1.0,-1.0,Abandonó,0,2023,1er Semestre,0,,
698,2.4,1.7,-1.0,-1.0,-1.0,-1.0,Abandonó,0,2023,1er Semestre,0,,
699,-1.0,-1.0,-1.0,-1.0,-1.0,-1.0,Libre,0,2023,1er Semestre,0,,
700,-1.0,-1.0,-1.0,-1.0,-1.0,-1.0,Libre,0,2023,1er Semestre,0,,
701,4.0,2.8,2.9,4.1,6.3,-1.0,Desaprobado,0,2023,1er Semestre,0,,
702,2.4,0.4,-1.0,-1.0,-1.0,-1.0,Abandonó,0,2023,1er Semestre,0,,
703,-1.0,-1.0,-1.0,-1.0,-1.0,-1.0,Libre,0,2023,1er Semestre,0,,
704,4.0,-1.0,0.0,-1.0,-1.0,-1.0,Abandonó,0,2023,1er Semestre,0,,
705,0.0,-1.0,-1.0,-1.0,-1.0,-1.0,Abandonó,0,2023,1er Semestre,0,,
706,1.7,0.5,2.1,1.4,-1.0,-1.0,Desaprobado,0,2023,1er Semestre,0,,
707,-1.0,-1.0,-1.0,-1.0,-1.0,-1.0,Libre,0,2023,1er Semestre,0,,
708,0.2,0.0,0.5,-1.0,-1.0,-1.0,Abandonó,0,2023,1er Semestre,0,,
709,5.7,-1.0,4.0,6.0,-1.0,-1.0,Promocionado,6,2023,1er Semestre,0,,
710,3.5,4.5,8.0,-1.0,-1.0,-1.0,Promocionado,6,2023,1er Semestre,0,,
711,0.8,0.2,0.2,0.6,-1.0,-1.0,Desaprobado,0,2023,1er Semestre,0,,
712,0.0,0.3,-1.0,-1.0,-1.0,-1.0,Abandonó,0,2023,1er Semestre,0,,
713,2.1,-1.0,-1.0,-1.0,-1.0,-1.0,Abandonó,0,2023,1er Semestre,0,,
714,5.1,-1.0,6.1,5.8,-1.0,8.2,Promocionado,7,2023,1er Semestre,0,,
715,1.5,1.0,0.9,-1.0,-1.0,-1.0,Abandonó,0,2023,1er Semestre,0,,
716,0.5,0.6,-1.0,0.0,-1.0,-1.0,Desaprobado,0,2023,1er Semestre,0,,
717,5.3,-1.0,5.7,4.5,-1.0,7.0,Promocionado,6,2023,1er Semestre,0,,
718,8.0,-1.0,5.5,-1.0,-1.0,-1.0,Promocionado,7,2023,1er Semestre,0,,
719,0.0,0.2,-1.0,-1.0,-1.0,-1.0,Abandonó,0,2023,1er Semestre,0,,
720,1.2,0.6,2.9,1.8,-1.0,-1.0,Desaprobado,0,2023,1er Semestre,0,,
721,0.0,0.0,-1.0,-1.0,-1.0,-1.0,Abandonó,0,2023,1er Semestre,0,,
722,0.0,0.9,0.0,-1.0,-1.0,-1.0,Abandonó,0,2023,1er Semestre,0,,
723,0.5,-1.0,-1.0,-1.0,-1.0,-1.0,Abandonó,0,2023,1er Semestre,0,,
724,7.6,-1.0,7.2,-1.0,-1.0,-1.0,Promocionado,7,2023,1er Semestre,0,,
725,6.7,-1.0,6.0,-1.0,-1.0,-1.0,Promocionado,7,2023,1er Semestre,0,,
726,6.3,-1.0,3.5,4.9,-1.0,4.0,Desaprobado,0,2023,1er Semestre,0,,
727,6.0,-1.0,2.3,4.9,-1.0,1.3,Desaprobado,0,2023,1er Semestre,0,,
728,6.1,-1.0,-1.0,-1.0,-1.0,-1.0,Abandonó,0,2023,1er Semestre,0,,
729,7.5,-1.0,8.8,-1.0,-1.0,-1.0,Promocionado,8,2023,1er Semestre,0,,
730,6.6,-1.0,0.8,4.3,-1.0,4.4,Desaprobado,0,2023,1er Semestre,0,,
731,3.5,4.3,0.2,-1.0,-1.0,-1.0,Abandonó,0,2023,1er Semestre,0,,
732,0.4,-1.0,-1.0,-1.0,-1.0,-1.0,Abandonó,0,2023,1er Semestre,0,,
733,0.0,0.0,-1.0,0.0,-1.0,-1.0,Desaprobado,0,2023,1er Semestre,0,,
734,5.4,-1.0,4.9,5.0,-1.0,7.0,Promocionado,6,2023,1er Semestre,0,,
735,4.0,-1.0,3.7,3.2,-1.0,3.8,Desaprobado,0,2023,1er Semestre,0,,
736,6.3,-1.0,9.1,-1.0,-1.0,-1.0,Promocionado,8,2023,1er Semestre,0,,
737,4.7,-1.0,6.6,-1.0,8.5,-1.0,Promocionado,8,2023,1er Semestre,0,,
738,-1.0,-1.0,-1.0,-1.0,-1.0,-1.0,Libre,0,2023,1er Semestre,0,,
739,0.0,0.3,-1.0,-1.0,-1.0,-1.0,Abandonó,0,2023,1er Semestre,0,,
740,2.7,3.1,2.3,3.0,-1.0,-1.0,Desaprobado,0,2023,1er Semestre,0,,
741,0.5,0.9,3.3,3.0,-1.0,-1.0,Desaprobado,0,2023,1er Semestre,0,,
742,1.8,1.4,2.2,5.5,1.8,-1.0,Desaprobado,0,2023,1er Semestre,0,,
743,-1.0,-1.0,-1.0,-1.0,-1.0,-1.0,Libre,0,2023,1er Semestre,0,,
744,0.0,-1.0,-1.0,-1.0,-1.0,-1.0,Abandonó,0,2023,1er Semestre,0,,
745,1.7,1.6,4.3,-1.0,6.1,-1.0,Desaprobado,0,2023,1er Semestre,0,,
746,2.4,0.9,0.4,0.7,-1.0,-1.0,Desaprobado,0,2023,1er Semestre,0,,
747,2.8,2.4,-1.0,-1.0,-1.0,-1.0,Abandonó,0,2023,1er Semestre,0,,
748,-1.0,-1.0,-1.0,-1.0,-1.0,-1.0,Libre,0,2023,1er Semestre,0,,
749,0.7,0.2,-1.0,-1.0,-1.0,-1.0,Abandonó,0,2023,1er Semestre,0,,
750,0.0,0.0,0.3,0.1,-1.0,-1.0,Desaprobado,0,2023,1er Semestre,0,,
751,4.4,6.1,7.1,-1.0,-1.0,-1.0,Promocionado,7,2023,1er Semestre,0,,
752,1.9,1.4,2.0,0.0,-1.0,-1.0,Desaprobado,0,2023,1er Semestre,0,,
753,0.0,0.0,0.0,-1.0,-1.0,-1.0,Abandonó,0,2023,1er Semestre,0,,
754,5.2,-1.0,6.0,-1.0,8.9,-1.0,Promocionado,8,2023,1er Semestre,0,,
755,-1.0,-1.0,-1.0,-1.0,-1.0,-1.0,Libre,0,2023,1er Semestre,0,,
756,4.7,-1.0,3.2,-1.0,-1.0,-1.0,Abandonó,0,2023,1er Semestre,0,,
757,-1.0,-1.0,-1.0,-1.0,-1.0,-1.0,Libre,0,2023,1er Semestre,0,,
758,0.0,0.4,0.8,-1.0,-1.0,-1.0,Abandonó,0,2023,1er Semestre,0,,
759,0.0,0.0,-1.0,-1.0,-1.0,-1.0,Abandonó,0,2023,1er Semestre,0,,
760,-1.0,-1.0,-1.0,-1.0,-1.0,-1.0,Libre,0,2023,1er Semestre,0,,
761,6.7,-1.0,6.3,-1.0,-1.0,-1.0,Promocionado,7,2023,1er Semestre,0,,
762,2.0,3.1,0.0,0.8,-1.0,-1.0,Desaprobado,0,2023,1er Semestre,0,,
763,0.0,0.0,0.0,-1.0,-1.0,-1.0,Abandonó,0,2023,1er Semestre,0,,
764,7.0,-1.0,7.5,-1.0,-1.0,-1.0,Promocionado,7,2023,1er Semestre,0,,
765,3.5,3.2,4.2,-1.0,4.6,-1.0,Desaprobado,0,2023,1er Semestre,0,,
766,0.8,0.3,0.0,0.0,-1.0,-1.0,Desaprobado,0,2023,1er Semestre,0,,
767,-1.0,-1.0,-1.0,-1.0,-1.0,-1.0,Libre,0,2023,1er Semestre,0,,
768,-1.0,-1.0,-1.0,-1.0,-1.0,-1.0,Libre,0,2023,1er Semestre,0,,
769,2.8,2.0,5.5,-1.0,4.7,-1.0,Desaprobado,0,2023,1er Semestre,0,,
770,-1.0,0.6,-1.0,-1.0,-1.0,-1.0,Abandonó,0,2023,1er Semestre,0,,
771,0.3,0.2,0.1,0.3,-1.0,-1.0,Desaprobado,0,2023,1er Semestre,0,,
772,2.9,2.1,3.6,6.2,5.0,-1.0,Desaprobado,0,2023,1er Semestre,0,,
773,1.0,0.0,1.5,2.6,-1.0,-1.0,Desaprobado,0,2023,1er Semestre,0,,
774,0.4,1.2,1.5,2.5,-1.0,-1.0,Desaprobado,0,2023,1er Semestre,0,,
775,6.2,-1.0,5.2,5.8,-1.0,-1.0,Promocionado,6,2023,1er Semestre,0,,
776,8.4,-1.0,6.0,-1.0,-1.0,-1.0,Promocionado,7,2023,1er Semestre,0,,
777,-1.0,-1.0,-1.0,-1.0,-1.0,-1.0,Libre,0,2023,Anticipada,0,,
778,0.7,-1.0,-1.0,-1.0,-1.0,-1.0,Abandonó,0,2023,Anticipada,0,,
779,-1.0,0.0,-1.0,-1.0,-1.0,-1.0,Abandonó,0,2023,Anticipada,0,,
780,-1.0,-1.0,-1.0,-1.0,-1.0,-1.0,Libre,0,2023,Anticipada,0,,
781,4.2,-1.0,4.8,4.8,-1.0,5.5,Desaprobado,0,2023,Anticipada,0,,
782,0.3,-1.0,-1.0,-1.0,-1.0,-1.0,Abandonó,0,2023,Anticipada,0,,
783,-1.0,-1.0,-1.0,-1.0,-1.0,-1.0,Libre,0,2023,Anticipada,0,,
784,-1.0,-1.0,-1.0,-1.0,-1.0,-1.0,Libre,0,2023,Anticipada,0,,
785,0.2,0.4,0.0,-1.0,-1.0,-1.0,Abandonó,0,2023,Anticipada,0,,
786,-1.0,-1.0,-1.0,-1.0,-1.0,-1.0,Libre,0,2023,Anticipada,0,,
787,-1.0,-1.0,-1.0,-1.0,-1.0,-1.0,Libre,0,2023,Anticipada,0,,
788,-1.0,-1.0,-1.0,-1.0,-1.0,-1.0,Libre,0,2023,Anticipada,0,,
789,1.3,0.6,-1.0,-1.0,-1.0,-1.0,Abandonó,0,2023,Anticipada,0,,
790,-1.0,-1.0,-1.0,-1.0,-1.0,-1.0,Libre,0,2023,Anticipada,0,,
791,-1.0,-1.0,-1.0,-1.0,-1.0,-1.0,Libre,0,2023,Anticipada,0,,
792,-1.0,-1.0,-1.0,-1.0,-1.0,-1.0,Libre,0,2023,Anticipada,0,,
793,0.2,0.2,-1.0,-1.0,-1.0,-1.0,Abandonó,0,2023,Anticipada,0,,
794,0.4,0.7,-1.0,-1.0,-1.0,-1.0,Abandonó,0,2023,Anticipada,0,,
795,3.3,4.4,4.0,3.7,-1.0,7.4,Promocionado,6,2023,Anticipada,0,,
796,1.4,2.7,-1.0,-1.0,-1.0,-1.0,Abandonó,0,2023,Anticipada,0,,
797,3.3,4.9,3.6,3.6,-1.0,4.1,Desaprobado,0,2023,Anticipada,0,,
798,0.6,0.3,0.0,-1.0,-1.0,-1.0,Abandonó,0,2023,Anticipada,0,,
799,0.2,-1.0,-1.0,-1.0,-1.0,-1.0,Abandonó,0,2023,Anticipada,0,,
800,1.8,1.2,1.5,1.5,-1.0,-1.0,Desaprobado,0,2023,Anticipada,0,,
801,-1.0,8.4,8.7,-1.0,-1.0,-1.0,Promocionado,10,2023,Anticipada,0,,
802,-1.0,-1.0,-1.0,-1.0,-1.0,-1.0,Libre,0,2023,Anticipada,0,,
803,-1.0,-1.0,-1.0,-1.0,-1.0,-1.0,Libre,0,2023,Anticipada,0,,
804,1.9,6.0,0.3,4.4,-1.0,5.6,Promocionado,6,2023,Anticipada,0,,
805,1.8,1.5,-1.0,-1.0,-1.0,-1.0,Abandonó,0,2023,Anticipada,0,,
806,0.3,2.5,-1.0,-1.0,-1.0,-1.0,Abandonó,0,2023,Anticipada,0,,
807,0.0,-1.0,-1.0,-1.0,-1.0,-1.0,Abandonó,0,2023,Anticipada,0,,
808,1.2,3.3,3.7,5.6,8.2,-1.0,Promocionado,7,2023,Anticipada,0,,
809,-1.0,-1.0,-1.0,-1.0,-1.0,-1.0,Libre,0,2023,Anticipada,0,,
810,-1.0,-1.0,-1.0,-1.0,-1.0,-1.0,Libre,0,2023,Anticipada,0,,
811,0.0,0.4,-1.0,-1.0,-1.0,-1.0,Abandonó,0,2023,Anticipada,0,,
812,0.7,0.2,-1.0,-1.0,-1.0,-1.0,Abandonó,0,2023,Anticipada,0,,
813,-1.0,-1.0,-1.0,-1.0,-1.0,-1.0,Libre,0,2023,Anticipada,0,,
814,-1.0,6.5,8.1,-1.0,-1.0,-1.0,Promocionado,8,2023,Anticipada,0,,
815,3.2,3.5,-1.0,-1.0,-1.0,-1.0,Abandonó,0,2023,Anticipada,0,,
816,0.0,0.1,-1.0,-1.0,-1.0,-1.0,Abandonó,0,2023,Anticipada,0,,
817,-1.0,-1.0,-1.0,-1.0,-1.0,-1.0,Libre,0,2023,Anticipada,0,,
818,-1.0,-1.0,-1.0,-1.0,-1.0,-1.0,Libre,0,2023,Anticipada,0,,
819,2.9,5.5,0.8,5.2,7.1,-1.0,Promocionado,6,2023,Anticipada,0,,
820,0.2,0.9,1.1,-1.0,-1.0,-1.0,Abandonó,0,2023,Anticipada,0,,
821,-1.0,-1.0,-1.0,-1.0,-1.0,-1.0,Libre,0,2023,Anticipada,0,,
822,-1.0,-1.0,-1.0,-1.0,-1.0,-1.0,Libre,0,2023,Anticipada,0,,
823,-1.0,-1.0,-1.0,-1.0,-1.0,-1.0,Libre,0,2023,Anticipada,0,,
824,-1.0,-1.0,-1.0,-1.0,-1.0,-1.0,Libre,0,2023,Anticipada,0,,
825,-1.0,-1.0,-1.0,-1.0,-1.0,-1.0,Libre,0,2023,Anticipada,0,,
826,-1.0,-1.0,-1.0,-1.0,-1.0,-1.0,Libre,0,2023,Anticipada,0,,
827,0.9,2.1,0.6,-1.0,-1.0,-1.0,Abandonó,0,2023,Anticipada,0,,
828,-1.0,-1.0,-1.0,-1.0,-1.0,-1.0,Libre,0,2023,Anticipada,0,,
829,0.5,2.6,-1.0,-1.0,-1.0,-1.0,Abandonó,0,2023,Anticipada,0,,
830,-1.0,-1.0,-1.0,-1.0,-1.0,-1.0,Libre,0,2023,Anticipada,0,,
831,0.6,-1.0,-1.0,-1.0,-1.0,-1.0,Abandonó,0,2023,Anticipada,0,,
832,-1.0,-1.0,-1.0,-1.0,-1.0,-1.0,Libre,0,2023,Anticipada,0,,
833,0.3,0.0,-1.0,-1.0,-1.0,-1.0,Abandonó,0,2023,Anticipada,0,,
834,1.1,2.7,-1.0,-1.0,-1.0,-1.0,Abandonó,0,2023,Anticipada,0,,
835,0.0,-1.0,-1.0,-1.0,-1.0,-1.0,Abandonó,0,2023,Anticipada,0,,
836,-1.0,-1.0,-1.0,-1.0,-1.0,-1.0,Libre,0,2023,Anticipada,0,,
837,-1.0,-1.0,-1.0,-1.0,-1.0,-1.0,Libre,0,2023,Anticipada,0,,
838,1.2,6.2,5.8,-1.0,-1.0,-1.0,Promocionado,6,2023,Anticipada,0,,
839,-1.0,-1.0,-1.0,-1.0,-1.0,-1.0,Libre,0,2023,Anticipada,0,,
840,-1.0,-1.0,-1.0,-1.0,-1.0,-1.0,Libre,0,2023,Anticipada,0,,
841,-1.0,-1.0,-1.0,-1.0,-1.0,-1.0,Libre,0,2023,Anticipada,0,,
842,1.6,4.0,8.0,-1.0,-1.0,-1.0,Promocionado,6,2023,Anticipada,0,,
843,-1.0,-1.0,-1.0,-1.0,-1.0,-1.0,Libre,0,2023,Anticipada,0,,
844,0.4,2.5,0.9,1.8,-1.0,-1.0,Desaprobado,0,2023,Anticipada,0,,
845,-1.0,-1.0,-1.0,-1.0,-1.0,-1.0,Libre,0,2023,Anticipada,0,,
846,1.8,5.0,4.4,4.4,6.9,-1.0,Promocionado,6,2023,Anticipada,0,,
847,-1.0,-1.0,-1.0,-1.0,-1.0,-1.0,Libre,0,2023,Anticipada,0,,
848,-1.0,0.8,-1.0,-1.0,-1.0,-1.0,Abandonó,0,2023,Anticipada,0,,
849,-1.0,2.7,2.7,4.9,3.1,-1.0,Desaprobado,0,2024,Verano,0,,
850,2.7,2.7,1.7,4.0,6.3,-1.0,Desaprobado,0,2024,Verano,0,,
851,6.6,-1.0,4.5,7.7,-1.0,-1.0,Promocionado,7,2024,Verano,0,,
852,2.4,7.2,8.2,-1.0,-1.0,-1.0,Promocionado,8,2024,Verano,0,,
853,0.1,-1.0,-1.0,-1.0,-1.0,-1.0,Abandonó,0,2024,Verano,0,,
854,4.5,5.9,5.9,-1.0,-1.0,-1.0,Promocionado,6,2024,Verano,0,,
855,4.1,6.3,5.6,-1.0,-1.0,-1.0,Promocionado,6,2024,Verano,0,,
856,-1.0,-1.0,-1.0,-1.0,-1.0,-1.0,Libre,0,2024,Verano,0,,
857,5.1,8.1,8.2,-1.0,-1.0,-1.0,Promocionado,8,2024,Verano,0,,
858,8.0,-1.0,9.7,-1.0,-1.0,-1.0,Promocionado,9,2024,Verano,0,,
859,2.6,3.4,0.2,1.4,-1.0,-1.0,Desaprobado,0,2024,Verano,0,,
860,0.7,1.1,0.9,1.4,-1.0,-1.0,Desaprobado,0,2024,Verano,0,,
861,1.6,2.0,1.6,0.9,-1.0,-1.0,Desaprobado,0,2024,Verano,0,,
862,3.7,6.8,1.5,4.8,-1.0,-1.0,Abandonó,0,2024,Verano,0,,
863,0.0,0.0,0.0,0.0,-1.0,-1.0,Desaprobado,0,2024,Verano,0,,
864,2.2,6.9,4.3,6.35,-1.0,-1.0,Promocionado,7,2024,Verano,0,,
865,5.3,7.8,8.9,-1.0,-1.0,-1.0,Promocionado,8,2024,Verano,0,,
866,7.8,-1.0,-1.0,6.8,-1.0,-1.0,Promocionado,7,2024,Verano,0,,
867,1.4,3.2,3.8,7.6,4.4,-1.0,Promocionado,6,2024,Verano,0,,
868,0.2,1.4,0.5,-1.0,-1.0,-1.0,Abandonó,0,2024,Verano,0,,
869,-1.0,0.3,0.2,0.1,-1.0,-1.0,Desaprobado,0,2024,Verano,0,,
870,0.2,0.3,0.0,-1.0,-1.0,-1.0,Abandonó,0,2024,Verano,0,,
871,0.6,0.2,-1.0,-1.0,-1.0,-1.0,Abandonó,0,2024,Verano,0,,
872,0.0,1.9,0.0,0.4,-1.0,-1.0,Desaprobado,0,2024,Verano,0,,
873,9.0,-1.0,5.2,-1.0,-1.0,-1.0,Promocionado,7,2024,Verano,0,,
874,3.4,6.9,2.1,2.7,-1.0,6.0,Promocionado,6,2024,Verano,0,,
875,7.1,-1.0,9.7,-1.0,-1.0,-1.0,Promocionado,8,2024,Verano,0,,
876,8.2,-1.0,6.9,-1.0,-1.0,-1.0,Promocionado,8,2024,Verano,0,,
877,3.0,5.6,3.0,2.4,-1.0,6.4,Promocionado,6,2024,Verano,0,,
878,0.7,0.9,0.2,1.0,-1.0,-1.0,Desaprobado,0,2024,Verano,0,,
879,1.4,6.6,7.8,-1.0,-1.0,-1.0,Promocionado,7,2024,Verano,0,,
880,6.6,-1.0,9.5,-1.0,-1.0,-1.0,Promocionado,8,2024,Verano,0,,
881,2.6,7.1,6.8,-1.0,-1.0,-1.0,Promocionado,7,2024,Verano,0,,
882,5.0,-1.0,6.1,7.7,-1.0,-1.0,Promocionado,6,2024,Verano,0,,
883,5.8,-1.0,6.1,-1.0,-1.0,-1.0,Promocionado,6,2024,Verano,0,,
884,0.0,0.0,-1.0,-1.0,-1.0,-1.0,Abandonó,0,2024,Verano,0,,
885,4.9,7.9,5.7,-1.0,-1.0,-1.0,Promocionado,7,2024,Verano,0,,
886,7.6,-1.0,8.7,-1.0,-1.0,-1.0,Promocionado,8,2024,Verano,0,,
887,-1.0,-1.0,-1.0,-1.0,-1.0,-1.0,Libre,0,2024,Verano,0,,
888,7.5,-1.0,7.6,-1.0,-1.0,-1.0,Promocionado,8,2024,Verano,0,,
889,1.7,2.9,-1.0,-1.0,-1.0,-1.0,Abandonó,0,2024,Verano,0,,
890,0.0,0.9,0.1,0.0,-1.0,-1.0,Desaprobado,0,2024,Verano,0,,
891,10.0,-1.0,9.0,-1.0,-1.0,-1.0,Promocionado,10,2024,Verano,0,,
892,-1.0,-1.0,-1.0,-1.0,-1.0,-1.0,Libre,0,2024,Verano,0,,
893,8.7,-1.0,8.7,-1.0,-1.0,-1.0,Promocionado,9,2024,Verano,0,,
894,7.9,-1.0,7.5,-1.0,-1.0,-1.0,Promocionado,8,2024,Verano,0,,
895,1.5,0.9,-1.0,-1.0,-1.0,-1.0,Abandonó,0,2024,Verano,0,,
896,5.0,-1.0,-1.0,-1.0,-1.0,-1.0,Abandonó,0,2024,Verano,0,,
897,3.5,3.7,0.9,4.4,5.6,-1.0,Desaprobado,0,2024,Verano,0,,
898,3.6,1.3,1.5,3.6,-1.0,-1.0,Desaprobado,0,2024,Verano,0,,
899,3.4,4.0,4.0,5.5,-1.0,8.0,Promocionado,6,2024,Verano,0,,
900,2.7,5.8,4.9,9.4,-1.0,-1.0,Promocionado,8,2024,Verano,0,,
901,5.3,-1.0,8.2,-1.0,-1.0,-1.0,Promocionado,7,2024,Verano,0,,
902,0.2,2.5,-1.0,-1.0,-1.0,-1.0,Abandonó,0,2024,Verano,0,,
903,9.2,-1.0,9.9,-1.0,-1.0,-1.0,Promocionado,10,2024,Verano,0,,
904,1.6,5.1,6.0,6.8,-1.0,-1.0,Promocionado,6,2024,Verano,0,,
905,8.7,-1.0,7.6,-1.0,-1.0,-1.0,Promocionado,8,2024,Verano,0,,
906,0.2,2.1,0.7,6.0,6.0,-1.0,Promocionado,6,2024,Verano,0,,
907,4.5,5.5,4.5,5.6,-1.0,6.8,Promocionado,6,2024,Verano,0,,
908,1.1,3.4,2.5,4.6,0.6,-1.0,Desaprobado,0,2024,Verano,0,,
909,9.7,-1.0,8.1,-1.0,-1.0,-1.0,Promocionado,9,2024,Verano,0,,
910,2.9,5.2,3.5,3.3,-1.0,7.1,Promocionado,6,2024,Verano,0,,
911,-1.0,-1.0,-1.0,-1.0,-1.0,-1.0,Libre,0,2024,Verano,0,,
912,-1.0,-1.0,-1.0,-1.0,-1.0,-1.0,Libre,0,2024,Verano,0,,
913,-1.0,-1.0,-1.0,-1.0,-1.0,-1.0,Libre,0,2024,Verano,0,,
914,0.0,-1.0,-1.0,-1.0,-1.0,-1.0,Abandonó,0,2024,Verano,0,,
915,1.1,1.8,0.6,1.8,-1.0,-1.0,Desaprobado,0,2024,Verano,0,,
916,-1.0,-1.0,-1.0,-1.0,-1.0,-1.0,Libre,0,2024,Verano,0,,
917,-1.0,0.0,0.0,-1.0,-1.0,-1.0,Abandonó,0,2024,Verano,0,,
918,0.4,0.9,0.0,0.9,-1.0,-1.0,Desaprobado,0,2024,Verano,0,,
919,6.3,-1.0,5.0,8.0,-1.0,-1.0,Promocionado,7,2024,Verano,0,,
920,7.9,-1.0,9.6,-1.0,-1.0,-1.0,Promocionado,9,2024,Verano,0,,
921,0.6,1.6,-1.0,-1.0,-1.0,-1.0,Abandonó,0,2024,Verano,0,,
922,2.2,-1.0,-1.0,-1.0,-1.0,-1.0,Abandonó,0,2024,Verano,0,,
923,0.0,3.1,3.7,4.6,4.6,-1.0,Desaprobado,0,2024,Verano,0,,
924,0.0,0.8,0.3,-1.0,-1.0,-1.0,Abandonó,0,2024,Verano,0,,
925,0.0,0.9,-1.0,-1.0,-1.0,-1.0,Abandonó,0,2024,Verano,0,,
926,-1.0,-1.0,-1.0,-1.0,-1.0,-1.0,Libre,0,2024,Verano,0,,
927,0.0,1.4,1.3,5.6,4.4,-1.0,Desaprobado,0,2024,Verano,0,,
928,3.8,5.0,9.0,-1.0,-1.0,-1.0,Promocionado,7,2024,Verano,0,,
929,1.6,4.9,6.1,-1.0,4.3,-1.0,Desaprobado,0,2024,Verano,0,,
930,1.1,0.8,-1.0,-1.0,-1.0,-1.0,Abandonó,0,2024,Verano,0,,
931,10.0,-1.0,9.9,-1.0,-1.0,-1.0,Promocionado,10,2024,Verano,0,,
932,8.3,7.6,5.3,9.7,-1.0,-1.0,Promocionado,9,2024,Verano,0,,
933,8.7,-1.0,7.0,-1.0,-1.0,-1.0,Promocionado,8,2024,Verano,0,,
934,7.6,-1.0,7.4,-1.0,-1.0,-1.0,Promocionado,8,2024,Verano,0,,
935,-1.0,-1.0,-1.0,-1.0,-1.0,-1.0,Libre,0,2024,Verano,0,,
936,0.0,0.3,0.0,-1.0,-1.0,-1.0,Abandonó,0,2024,Verano,0,,
937,1.6,9.1,7.3,-1.0,-1.0,-1.0,Promocionado,8,2024,Verano,0,,
938,0.0,0.6,0.0,-1.0,-1.0,-1.0,Abandonó,0,2024,Verano,0,,
939,2.1,6.9,6.0,-1.0,-1.0,-1.0,Promocionado,7,2024,Verano,0,,
940,7.5,-1.0,8.6,-1.0,-1.0,-1.0,Promocionado,8,2024,Verano,0,,
941,2.7,2.1,0.9,3.4,-1.0,-1.0,Desaprobado,0,2024,Verano,0,,
942,0.6,0.3,-1.0,-1.0,-1.0,-1.0,Abandonó,0,2024,Verano,0,,
943,10.0,-1.0,10.0,-1.0,-1.0,-1.0,Promocionado,10,2024,Verano,0,,
944,2.5,5.9,0.5,3.4,-1.0,2.2,Desaprobado,0,2024,Verano,0,,
945,1.8,0.7,0.9,4.0,3.2,-1.0,Desaprobado,0,2024,Verano,0,,
946,1.7,2.2,0.1,-1.0,-1.0,-1.0,Abandonó,0,2024,Verano,0,,
947,4.0,-1.0,2.7,5.7,-1.0,4.4,Desaprobado,0,2024,1er Semestre,0,,
948,0.0,-1.0,-1.0,-1.0,-1.0,-1.0,Abandonó,0,2024,1er Semestre,0,,
949,0.2,2.4,0.2,0.0,-1.0,-1.0,Desaprobado,0,2024,1er Semestre,0,,
950,0.4,2.3,0.6,-1.0,-1.0,-1.0,Abandonó,0,2024,1er Semestre,0,,
951,0.4,0.2,0.2,0.0,-1.0,-1.0,Desaprobado,0,2024,1er Semestre,0,,
952,0.0,0.4,0.4,-1.0,-1.0,-1.0,Abandonó,0,2024,1er Semestre,0,,
953,0.0,0.0,-1.0,-1.0,-1.0,-1.0,Abandonó,0,2024,1er Semestre,0,,
954,1.4,3.2,3.4,2.4,-1.0,-1.0,Desaprobado,0,2024,1er Semestre,0,,
955,2.0,2.9,5.4,-1.0,5.2,-1.0,Desaprobado,0,2024,1er Semestre,0,,
956,2.0,2.5,-1.0,-1.0,-1.0,-1.0,Abandonó,0,2024,1er Semestre,0,,
957,0.0,0.0,-1.0,-1.0,-1.0,-1.0,Abandonó,0,2024,1er Semestre,0,,
958,1.2,0.9,2.0,4.5,4.9,-1.0,Desaprobado,0,2024,1er Semestre,0,,
959,5.0,4.9,5.6,4.3,-1.0,7.3,Promocionado,6,2024,1er Semestre,0,,
960,1.1,0.4,3.4,-1.0,-1.0,-1.0,Abandonó,0,2024,1er Semestre,0,,
961,-1.0,0.7,-1.0,-1.0,-1.0,-1.0,Abandonó,0,2024,1er Semestre,0,,
962,-1.0,-1.0,-1.0,-1.0,-1.0,-1.0,Libre,0,2024,1er Semestre,0,,
963,-1.0,-1.0,-1.0,-1.0,-1.0,-1.0,Libre,0,2024,1er Semestre,0,,
964,3.3,4.2,-1.0,-1.0,-1.0,-1.0,Abandonó,0,2024,1er Semestre,0,,
965,1.8,-1.0,-1.0,-1.0,-1.0,-1.0,Abandonó,0,2024,1er Semestre,0,,
966,-1.0,-1.0,-1.0,-1.0,-1.0,-1.0,Libre,0,2024,1er Semestre,0,,
967,3.6,2.8,2.1,3.3,-1.0,-1.0,Desaprobado,0,2024,1er Semestre,0,,
968,3.2,2.0,2.0,5.3,7.3,-1.0,Promocionado,6,2024,1er Semestre,0,,
969,5.2,2.5,-1.0,-1.0,-1.0,-1.0,Abandonó,0,2024,1er Semestre,0,,
970,0.4,0.4,-1.0,-1.0,-1.0,-1.0,Abandonó,0,2024,1er Semestre,0,,
971,4.9,4.8,7.5,-1.0,-1.0,-1.0,Promocionado,6,2024,1er Semestre,0,,
972,-1.0,-1.0,-1.0,-1.0,-1.0,-1.0,Libre,0,2024,1er Semestre,0,,
973,1.4,1.4,0.4,3.3,-1.0,-1.0,Desaprobado,0,2024,1er Semestre,0,,
974,5.3,-1.0,8.3,-1.0,-1.0,-1.0,Promocionado,7,2024,1er Semestre,0,,
975,-1.0,0.6,-1.0,-1.0,-1.0,-1.0,Abandonó,0,2024,1er Semestre,0,,
976,0.0,0.0,0.0,0.1,-1.0,-1.0,Desaprobado,0,2024,1er Semestre,0,,
977,3.4,4.0,3.5,6.4,-1.0,-1.0,Abandonó,0,2024,1er Semestre,0,,
978,0.0,2.9,0.0,0.0,-1.0,-1.0,Desaprobado,0,2024,1er Semestre,0,,
979,5.8,-1.0,-1.0,-1.0,-1.0,-1.0,Abandonó,0,2024,1er Semestre,0,,
980,0.0,0.6,0.4,-1.0,-1.0,-1.0,Abandonó,0,2024,1er Semestre,0,,
981,1.5,0.5,5.2,-1.0,7.0,-1.0,Promocionado,6,2024,1er Semestre,0,,
982,7.5,-1.0,6.1,-1.0,-1.0,-1.0,Promocionado,7,2024,1er Semestre,0,,
983,5.7,1.7,4.6,6.0,7.0,-1.0,Promocionado,7,2024,1er Semestre,0,,
984,-1.0,-1.0,-1.0,-1.0,-1.0,-1.0,Libre,0,2024,1er Semestre,0,,
985,-1.0,-1.0,-1.0,-1.0,-1.0,-1.0,Libre,0,2024,1er Semestre,0,,
986,0.0,0.2,0.7,0.6,-1.0,-1.0,Desaprobado,0,2024,1er Semestre,0,,
987,0.0,1.0,-1.0,-1.0,-1.0,-1.0,Abandonó,0,2024,1er Semestre,0,,
988,-1.0,-1.0,-1.0,-1.0,-1.0,-1.0,Libre,0,2024,1er Semestre,0,,
989,-1.0,0.0,-1.0,-1.0,-1.0,-1.0,Abandonó,0,2024,1er Semestre,0,,
990,0.0,0.0,-1.0,-1.0,-1.0,-1.0,Abandonó,0,2024,1er Semestre,0,,
991,7.5,-1.0,3.5,6.0,-1.0,-1.0,Promocionado,7,2024,1er Semestre,0,,
992,-1.0,-1.0,-1.0,-1.0,-1.0,-1.0,Libre,0,2024,1er Semestre,0,,
993,2.0,1.1,4.8,-1.0,7.2,-1.0,Promocionado,6,2024,1er Semestre,0,,
994,5.2,-1.0,2.7,3.2,-1.0,4.3,Desaprobado,0,2024,1er Semestre,0,,
995,1.4,1.3,4.0,-1.0,8.5,-1.0,Promocionado,6,2024,1er Semestre,0,,
996,0.0,-1.0,-1.0,-1.0,-1.0,-1.0,Abandonó,0,2024,1er Semestre,0,,
997,-1.0,0.0,-1.0,-1.0,-1.0,-1.0,Abandonó,0,2024,1er Semestre,0,,
998,6.9,-1.0,5.7,-1.0,-1.0,-1.0,Promocionado,7,2024,1er Semestre,0,,
999,-1.0,-1.0,-1.0,-1.0,-1.0,-1.0,Libre,0,2024,1er Semestre,0,,
1000,-1.0,1.5,-1.0,1.7,-1.0,-1.0,Abandonó,0,2024,1er Semestre,0,,
1001,5.9,-1.0,8.1,-1.0,-1.0,-1.0,Promocionado,7,2024,1er Semestre,0,,
1002,0.2,0.5,-1.0,-1.0,-1.0,-1.0,Abandonó,0,2024,1er Semestre,0,,
1003,1.2,2.0,-1.0,-1.0,-1.0,-1.0,Abandonó,0,2024,1er Semestre,0,,
1004,4.2,-1.0,4.3,7.1,7.7,-1.0,Promocionado,7,2024,1er Semestre,0,,
1005,0.9,0.0,-1.0,-1.0,-1.0,-1.0,Abandonó,0,2024,1er Semestre,0,,
1006,-1.0,-1.0,-1.0,-1.0,-1.0,-1.0,Libre,0,2024,1er Semestre,0,,
1007,-1.0,-1.0,-1.0,-1.0,-1.0,-1.0,Libre,0,2024,1er Semestre,0,,
1008,0.0,0.2,-1.0,-1.0,-1.0,-1.0,Abandonó,0,2024,1er Semestre,0,,
1009,1.2,2.6,0.0,-1.0,-1.0,-1.0,Abandonó,0,2024,1er Semestre,0,,
1010,3.6,2.4,-1.0,-1.0,-1.0,-1.0,Abandonó,0,2024,1er Semestre,0,,
1011,3.6,-1.0,-1.0,-1.0,-1.0,-1.0,Abandonó,0,2024,1er Semestre,0,,
1012,-1.0,-1.0,-1.0,-1.0,-1.0,-1.0,Libre,0,2024,1er Semestre,0,,
1013,2.3,1.7,5.0,-1.0,4.5,-1.0,Desaprobado,0,2024,1er Semestre,0,,
1014,2.0,-1.0,-1.0,-1.0,-1.0,-1.0,Abandonó,0,2024,1er Semestre,0,,
1015,0.0,0.0,0.0,-1.0,-1.0,-1.0,Abandonó,0,2024,1er Semestre,0,,
1016,0.4,3.5,5.4,-1.0,7.4,-1.0,Promocionado,6,2024,1er Semestre,0,,
1017,-1.0,-1.0,-1.0,-1.0,-1.0,-1.0,Libre,0,2024,1er Semestre,0,,
1018,3.0,5.5,6.0,7.5,-1.0,-1.0,Promocionado,7,2024,1er Semestre,0,,
1019,4.8,2.3,3.2,7.5,8.6,-1.0,Promocionado,8,2024,1er Semestre,0,,
1020,0.0,-1.0,-1.0,-1.0,-1.0,-1.0,Abandonó,0,2024,1er Semestre,0,,
1021,2.1,2.1,5.0,-1.0,7.3,-1.0,Promocionado,6,2024,1er Semestre,0,,
1022,0.0,0.0,-1.0,-1.0,-1.0,-1.0,Abandonó,0,2024,1er Semestre,0,,
1023,1.9,2.7,2.2,4.0,6.7,-1.0,Desaprobado,0,2024,1er Semestre,0,,
1024,1.4,1.0,3.2,6.2,8.5,-1.0,Promocionado,7,2024,1er Semestre,0,,
1025,-1.0,-1.0,-1.0,-1.0,-1.0,-1.0,Libre,0,2024,1er Semestre,0,,
1026,-1.0,-1.0,-1.0,-1.0,-1.0,-1.0,Libre,0,2024,1er Semestre,0,,
1027,1.1,0.0,0.0,-1.0,-1.0,-1.0,Abandonó,0,2024,1er Semestre,0,,
1028,0.0,0.0,-1.0,-1.0,-1.0,-1.0,Abandonó,0,2024,1er Semestre,0,,
1029,0.4,1.0,-1.0,-1.0,-1.0,-1.0,Abandonó,0,2024,1er Semestre,0,,
1030,4.0,-1.0,4.8,6.3,8.4,-1.0,Promocionado,7,2024,1er Semestre,0,,
1031,-1.0,-1.0,-1.0,-1.0,-1.0,-1.0,Libre,0,2024,1er Semestre,0,,
1032,4.5,-1.0,3.2,4.6,-1.0,6.2,Desaprobado,0,2024,1er Semestre,0,,
1033,0.0,0.0,-1.0,-1.0,-1.0,-1.0,Abandonó,0,2024,1er Semestre,0,,
1034,-1.0,-1.0,-1.0,0.2,0.6,-1.0,Desaprobado,0,2024,1er Semestre,0,,
1035,0.8,-1.0,-1.0,-1.0,-1.0,-1.0,Abandonó,0,2024,1er Semestre,0,,
1036,-1.0,-1.0,-1.0,-1.0,-1.0,-1.0,Libre,0,2024,1er Semestre,0,,
1037,1.1,-1.0,-1.0,-1.0,-1.0,-1.0,Abandonó,0,2024,1er Semestre,0,,
1038,0.6,0.9,-1.0,-1.0,-1.0,-1.0,Abandonó,0,2024,1er Semestre,0,,
1039,0.3,1.7,2.7,3.3,-1.0,-1.0,Desaprobado,0,2024,1er Semestre,0,,
1040,0.0,0.6,-1.0,-1.0,-1.0,-1.0,Abandonó,0,2024,1er Semestre,0,,
1041,-1.0,0.0,-1.0,-1.0,-1.0,-1.0,Abandonó,0,2024,1er Semestre,0,,
1042,2.1,4.0,5.0,6.0,7.8,-1.0,Promocionado,7,2024,1er Semestre,0,,
1043,-1.0,-1.0,0.0,-1.0,-1.0,-1.0,Abandonó,0,2024,1er Semestre,0,,
1044,0.0,0.5,1.9,2.7,-1.0,-1.0,Desaprobado,0,2024,1er Semestre,0,,
1045,2.6,4.8,3.4,7.4,-1.0,-1.0,Promocionado,6,2024,1er Semestre,0,,
1046,4.4,8.0,6.0,-1.0,-1.0,-1.0,Promocionado,7,2024,Anticipada,0,,
1047,0.0,0.4,0.0,-1.0,-1.0,-1.0,Abandonó,0,2024,Anticipada,0,,
1048,4.5,6.1,5.9,-1.0,-1.0,-1.0,Promocionado,6,2024,Anticipada,0,,
1049,-1.0,8.2,9.5,-1.0,-1.0,-1.0,Promocionado,9,2024,Anticipada,0,,
1050,9.5,-1.0,-1.0,6.3,-1.0,-1.0,Promocionado,8,2024,Anticipada,0,,
1051,0.9,1.5,3.1,2.0,-1.0,-1.0,Desaprobado,0,2024,Anticipada,0,,
1052,6.4,-1.0,3.3,4.4,-1.0,3.3,Desaprobado,0,2024,Anticipada,0,,
1053,4.6,6.0,3.5,7.7,-1.0,-1.0,Promocionado,7,2024,Anticipada,0,,
1054,-1.0,-1.0,-1.0,-1.0,-1.0,-1.0,Libre,0,2024,Anticipada,0,,
1055,7.4,-1.0,2.8,6.1,-1.0,-1.0,Promocionado,7,2024,Anticipada,0,,
1056,-1.0,-1.0,-1.0,-1.0,-1.0,-1.0,Libre,0,2024,Anticipada,0,,
1057,4.0,7.9,5.2,-1.0,-1.0,-1.0,Promocionado,7,2024,Anticipada,0,,
1058,4.0,3.5,-1.0,4.5,4.9,-1.0,Desaprobado,0,2024,Anticipada,0,,
1059,-1.0,-1.0,-1.0,-1.0,-1.0,-1.0,Libre,0,2024,Anticipada,0,,
1060,9.6,-1.0,9.2,-1.0,-1.0,-1.0,Promocionado,10,2024,Anticipada,0,,
1061,-1.0,-1.0,-1.0,-1.0,-1.0,-1.0,Libre,0,2024,Anticipada,0,,
1062,8.5,-1.0,7.8,-1.0,-1.0,-1.0,Promocionado,8,2024,Anticipada,0,,
1063,-1.0,-1.0,-1.0,-1.0,-1.0,-1.0,Libre,0,2024,Anticipada,0,,
1064,3.8,3.5,4.6,4.0,6.8,-1.0,Desaprobado,0,2024,Anticipada,0,,
1065,-1.0,-1.0,-1.0,-1.0,-1.0,-1.0,Libre,0,2024,Anticipada,0,,
1066,0.0,0.3,0.1,-1.0,-1.0,-1.0,Abandonó,0,2024,Anticipada,0,,
1067,-1.0,-1.0,-1.0,-1.0,-1.0,-1.0,Libre,0,2024,Anticipada,0,,
1068,3.6,2.5,2.7,2.9,-1.0,-1.0,Desaprobado,0,2024,Anticipada,0,,
1069,4.7,6.0,4.9,2.7,-1.0,7.0,Promocionado,6,2024,Anticipada,0,,
1070,4.4,6.5,7.0,-1.0,-1.0,-1.0,Promocionado,7,2024,Anticipada,0,,
1071,-1.0,-1.0,-1.0,-1.0,-1.0,-1.0,Libre,0,2024,Anticipada,0,,
1072,2.1,6.4,1.0,3.0,-1.0,2.2,Desaprobado,0,2024,Anticipada,0,,
1073,-1.0,-1.0,-1.0,-1.0,-1.0,-1.0,Libre,0,2024,Anticipada,0,,
1074,7.1,-1.0,5.4,-1.0,-1.0,-1.0,Promocionado,6,2024,Anticipada,0,,
1075,3.7,4.7,0.9,4.2,-1.0,5.3,Desaprobado,0,2024,Anticipada,0,,
1076,3.0,5.4,4.4,6.1,-1.0,6.7,Promocionado,6,2024,Anticipada,0,,
1077,-1.0,-1.0,-1.0,-1.0,-1.0,-1.0,Libre,0,2024,Anticipada,0,,
1078,0.0,0.0,-1.0,-1.0,-1.0,-1.0,Abandonó,0,2024,Anticipada,0,,
1079,-1.0,-1.0,-1.0,-1.0,-1.0,-1.0,Libre,0,2024,Anticipada,0,,
1080,-1.0,0.6,2.2,0.7,-1.0,-1.0,Desaprobado,0,2024,Anticipada,0,,
1081,-1.0,-1.0,-1.0,-1.0,-1.0,-1.0,Libre,0,2024,Anticipada,0,,
1082,-1.0,-1.0,-1.0,-1.0,-1.0,-1.0,Libre,0,2024,Anticipada,0,,
1083,0.0,0.0,-1.0,-1.0,-1.0,-1.0,Abandonó,0,2024,Anticipada,0,,
1084,1.0,-1.0,-1.0,-1.0,-1.0,-1.0,Abandonó,0,2024,Anticipada,0,,
1085,1.0,0.7,-1.0,-1.0,-1.0,-1.0,Abandonó,0,2024,Anticipada,0,,
1086,0.0,0.0,-1.0,-1.0,-1.0,-1.0,Abandonó,0,2024,Anticipada,0,,
1087,-1.0,-1.0,-1.0,-1.0,-1.0,-1.0,Libre,0,2024,Anticipada,0,,
1088,-1.0,-1.0,-1.0,-1.0,-1.0,-1.0,Libre,0,2024,Anticipada,0,,
1089,0.4,-1.0,-1.0,-1.0,-1.0,-1.0,Abandonó,0,2024,Anticipada,0,,
1090,0.9,-1.0,-1.0,-1.0,-1.0,-1.0,Abandonó,0,2024,Anticipada,0,,
1091,0.0,0.0,0.0,-1.0,-1.0,-1.0,Abandonó,0,2024,Anticipada,0,,
1092,2.4,3.5,4.9,7.7,8.2,-1.0,Promocionado,8,2024,Anticipada,0,,
1093,1.4,2.6,0.2,2.9,-1.0,-1.0,Desaprobado,0,2024,Anticipada,0,,
1094,8.0,-1.0,7.5,-1.0,-1.0,-1.0,Promocionado,8,2024,Anticipada,0,,
1095,1.8,-1.0,-1.0,-1.0,-1.0,-1.0,Abandonó,0,2024,Anticipada,0,,
1096,1.5,1.3,1.3,1.0,-1.0,-1.0,Desaprobado,0,2024,Anticipada,0,,
1097,-1.0,-1.0,-1.0,-1.0,-1.0,-1.0,Libre,0,2024,Anticipada,0,,
1098,1.6,0.8,-1.0,-1.0,-1.0,-1.0,Abandonó,0,2024,Anticipada,0,,
1099,-1.0,-1.0,-1.0,-1.0,-1.0,-1.0,Libre,0,2024,Anticipada,0,,
1100,7.7,-1.0,8.7,-1.0,-1.0,-1.0,Promocionado,8,2024,Anticipada,0,,
1101,-1.0,-1.0,-1.0,-1.0,-1.0,-1.0,Libre,0,2024,Anticipada,0,,
1102,-1.0,-1.0,-1.0,-1.0,-1.0,-1.0,Libre,0,2024,Anticipada,0,,
1103,3.1,2.9,6.1,-1.0,8.2,-1.0,Promocionado,7,2024,Anticipada,0,,
1104,0.8,2.3,-1.0,-1.0,-1.0,-1.0,Abandonó,0,2024,Anticipada,0,,
1105,-1.0,-1.0,-1.0,-1.0,-1.0,-1.0,Libre,0,2024,Anticipada,0,,
1106,0.0,0.7,0.0,0.0,-1.0,-1.0,Desaprobado,0,2024,Anticipada,0,,
1107,-1.0,-1.0,-1.0,-1.0,-1.0,-1.0,Libre,0,2024,Anticipada,0,,
1108,3.5,3.5,-1.0,-1.0,-1.0,-1.0,Abandonó,0,2024,Anticipada,0,,
1109,3.7,4.0,-1.0,-1.0,-1.0,-1.0,Abandonó,0,2024,Anticipada,0,,
1110,-1.0,-1.0,-1.0,-1.0,-1.0,-1.0,Libre,0,2024,Anticipada,0,,
1111,0.0,0.2,-1.0,-1.0,-1.0,-1.0,Abandonó,0,2024,Anticipada,0,,
1112,1.8,0.9,-1.0,-1.0,-1.0,-1.0,Abandonó,0,2024,Anticipada,0,,
1113,-1.0,-1.0,-1.0,-1.0,-1.0,-1.0,Libre,0,2024,Anticipada,0,,
1114,-1.0,-1.0,-1.0,-1.0,-1.0,-1.0,Libre,0,2024,Anticipada,0,,
1115,2.6,1.7,0.2,2.8,-1.0,-1.0,Desaprobado,0,2024,Anticipada,0,,
1116,-1.0,-1.0,-1.0,-1.0,-1.0,-1.0,Libre,0,2024,Anticipada,0,,
1117,6.8,-1.0,4.5,5.9,-1.0,-1.0,Promocionado,7,2024,Anticipada,0,,
1118,0.0,0.0,0.0,0.0,-1.0,-1.0,Desaprobado,0,2024,Anticipada,0,,
1119,-1.0,-1.0,-1.0,-1.0,-1.0,-1.0,Libre,0,2024,Anticipada,0,,
1120,-1.0,-1.0,-1.0,-1.0,-1.0,-1.0,Libre,0,2024,Anticipada,0,,
1121,-1.0,-1.0,-1.0,-1.0,-1.0,-1.0,Libre,0,2024,Anticipada,0,,
1122,3.2,2.4,2.9,-1.0,-1.0,-1.0,Abandonó,0,2024,Anticipada,0,,
1123,8.1,-1.0,8.0,-1.0,-1.0,-1.0,Promocionado,8,2024,Anticipada,0,,
1124,0.4,0.5,0.4,-1.0,-1.0,-1.0,Abandonó,0,2024,Anticipada,0,,
1125,1.4,0.5,1.6,3.4,-1.0,-1.0,Desaprobado,0,2024,Anticipada,0,,
1126,4.6,3.3,-1.0,2.8,-1.0,-1.0,Desaprobado,0,2024,Anticipada,0,,
1127,7.7,-1.0,8.1,-1.0,-1.0,-1.0,Promocionado,8,2024,Anticipada,0,,
1128,2.8,3.0,-1.0,-1.0,-1.0,-1.0,Abandonó,0,2024,Anticipada,0,,
1129,-1.0,-1.0,-1.0,-1.0,-1.0,-1.0,Libre,0,2024,Anticipada,0,,
1130,-1.0,1.0,-1.0,-1.0,-1.0,-1.0,Abandonó,0,2024,Anticipada,0,,
1131,-1.0,-1.0,-1.0,-1.0,-1.0,-1.0,Libre,0,2024,Anticipada,0,,
1132,-1.0,-1.0,-1.0,-1.0,-1.0,-1.0,Libre,0,2024,Anticipada,0,,
1133,-1.0,-1.0,-1.0,-1.0,-1.0,-1.0,Libre,0,2024,Anticipada,0,,
1134,-1.0,-1.0,-1.0,-1.0,-1.0,-1.0,Libre,0,2024,Anticipada,0,,
1135,3.8,5.8,5.1,4.7,-1.0,4.0,Desaprobado,0,2024,Anticipada,0,,
1136,10.0,-1.0,10.0,-1.0,-1.0,-1.0,Promocionado,10,2024,Anticipada,0,,
1137,-1.0,-1.0,-1.0,-1.0,-1.0,-1.0,Libre,0,2024,Anticipada,0,,
1138,3.6,4.0,5.8,5.2,10.0,-1.0,Promocionado,8,2024,Anticipada,0,,
1139,-1.0,0.9,0.4,0.9,-1.0,-1.0,Desaprobado,0,2024,Anticipada,0,,
1140,-1.0,-1.0,-1.0,-1.0,-1.0,-1.0,Libre,0,2024,Anticipada,0,,
1141,7.0,-1.0,8.5,-1.0,-1.0,-1.0,Promocionado,8,2024,Anticipada,0,,
1142,0.2,-1.0,-1.0,-1.0,-1.0,-1.0,Abandonó,0,2024,Anticipada,0,,
1143,-1.0,-1.0,-1.0,-1.0,-1.0,-1.0,Libre,0,2024,Anticipada,0,,
1144,4.2,5.0,4.6,5.2,-1.0,7.3,Promocionado,6,2025,1er Semestre,0,,
1145,5.7,-1.0,6.4,-1.0,-1.0,-1.0,Promocionado,6,2025,1er Semestre,0,,
1146,0.0,0.0,0.0,0.0,-1.0,-1.0,Desaprobado,0,2025,1er Semestre,0,,
1147,0.6,0.0,0.0,0.0,-1.0,-1.0,Abandonó,0,2025,1er Semestre,0,,
1148,3.4,3.5,1.2,-1.0,-1.0,-1.0,Abandonó,0,2025,1er Semestre,0,,
1149,-1.0,-1.0,-1.0,-1.0,-1.0,-1.0,Libre,0,2025,1er Semestre,0,,
1150,2.6,0.8,-1.0,-1.0,-1.0,-1.0,Abandonó,0,2025,1er Semestre,0,,
1151,0.5,0.5,1.1,1.1,-1.0,-1.0,Desaprobado,0,2025,1er Semestre,0,,
1152,6.0,-1.0,9.6,-1.0,-1.0,-1.0,Promocionado,8,2025,1er Semestre,0,,
1153,0.3,2.9,1.8,-1.0,-1.0,-1.0,Abandonó,0,2025,1er Semestre,0,,
1154,6.9,-1.0,8.2,-1.0,-1.0,-1.0,Promocionado,8,2025,1er Semestre,0,,
1155,-1.0,-1.0,-1.0,-1.0,-1.0,-1.0,Libre,0,2025,1er Semestre,0,,
1156,2.8,0.9,-1.0,-1.0,-1.0,-1.0,Abandonó,0,2025,1er Semestre,0,,
1157,0.7,3.1,0.3,-1.0,-1.0,-1.0,Abandonó,0,2025,1er Semestre,0,,
1158,6.1,-1.0,6.8,-1.0,-1.0,-1.0,Promocionado,7,2025,1er Semestre,0,,
1159,0.6,0.3,1.0,0.3,-1.0,-1.0,Desaprobado,0,2025,1er Semestre,0,,
1160,3.2,4.3,2.1,4.2,-1.0,8.2,Promocionado,6,2025,1er Semestre,0,,
1161,7.6,-1.0,4.0,5.0,-1.0,-1.0,Promocionado,6,2025,1er Semestre,0,,
1162,0.0,0.0,0.0,0.0,-1.0,-1.0,Desaprobado,0,2025,1er Semestre,0,,
1163,-1.0,-1.0,-1.0,-1.0,-1.0,-1.0,Libre,0,2025,1er Semestre,0,,
1164,5.5,-1.0,4.5,9.6,-1.0,-1.0,Promocionado,8,2025,1er Semestre,0,,
1165,1.6,2.3,1.2,3.5,-1.0,-1.0,Desaprobado,0,2025,1er Semestre,0,,
1166,-1.0,-1.0,-1.0,-1.0,-1.0,-1.0,Libre,0,2025,1er Semestre,0,,
1167,3.6,-1.0,-1.0,-1.0,-1.0,-1.0,Abandonó,0,2025,1er Semestre,0,,
1168,2.7,3.3,0.4,2.9,-1.0,-1.0,Desaprobado,0,2025,1er Semestre,0,,
1169,2.8,5.8,8.3,-1.0,-1.0,-1.0,Promocionado,7,2025,1er Semestre,0,,
1170,-1.0,-1.0,-1.0,-1.0,-1.0,-1.0,Libre,0,2025,1er Semestre,0,,
1171,2.6,6.2,2.0,3.3,-1.0,2.8,Desaprobado,0,2025,1er Semestre,0,,
1172,0.9,-1.0,-1.0,-1.0,-1.0,-1.0,Abandonó,0,2025,1er Semestre,0,,
1173,0.3,0.3,-1.0,-1.0,-1.0,-1.0,Abandonó,0,2025,1er Semestre,0,,
1174,0.0,-1.0,0.3,0.5,-1.0,-1.0,Desaprobado,0,2025,1er Semestre,0,,
1175,1.7,1.5,0.0,-1.0,-1.0,-1.0,Abandonó,0,2025,1er Semestre,0,,
1176,-1.0,-1.0,-1.0,-1.0,-1.0,-1.0,Libre,0,2025,1er Semestre,0,,
1177,3.6,6.0,4.8,6.6,-1.0,-1.0,Promocionado,6,2025,1er Semestre,0,,
1178,3.5,2.1,0.5,1.5,-1.0,-1.0,Desaprobado,0,2025,1er Semestre,0,,
1179,4.4,3.3,2.6,2.9,-1.0,-1.0,Desaprobado,0,2025,1er Semestre,0,,
1180,6.2,-1.0,2.9,6.2,-1.0,-1.0,Promocionado,6,2025,1er Semestre,0,,
1181,5.6,6.2,8.2,-1.0,-1.0,-1.0,Promocionado,8,2025,1er Semestre,0,,
1182,4.0,7.3,4.8,-1.0,-1.0,-1.0,Promocionado,6,2025,1er Semestre,0,,
1183,3.6,2.5,1.6,4.1,7.9,-1.0,Promocionado,6,2025,1er Semestre,0,,
1184,6.5,-1.0,0.6,5.5,-1.0,-1.0,Promocionado,6,2025,1er Semestre,0,,
1185,-1.0,-1.0,-1.0,-1.0,-1.0,-1.0,Libre,0,2025,1er Semestre,0,,
1186,-1.0,0.6,0.4,-1.0,-1.0,-1.0,Abandonó,0,2025,1er Semestre,0,,
1187,2.7,-1.0,-1.0,-1.0,-1.0,-1.0,Abandonó,0,2025,1er Semestre,0,,
1188,0.9,1.5,2.0,-1.0,-1.0,-1.0,Abandonó,0,2025,1er Semestre,0,,
1189,1.8,1.4,3.2,0.6,-1.0,-1.0,Desaprobado,0,2025,1er Semestre,0,,
1190,0.0,-1.0,0.3,0.1,-1.0,-1.0,Desaprobado,0,2025,1er Semestre,0,,
1191,-1.0,-1.0,-1.0,-1.0,-1.0,-1.0,Libre,0,2025,1er Semestre,0,,
1192,0.6,1.9,-1.0,-1.0,-1.0,-1.0,Abandonó,0,2025,1er Semestre,0,,
1193,1.0,1.2,-1.0,-1.0,-1.0,-1.0,Abandonó,0,2025,1er Semestre,0,,
1194,-1.0,-1.0,-1.0,-1.0,-1.0,-1.0,Libre,0,2025,1er Semestre,0,,
1195,0.0,-1.0,-1.0,-1.0,-1.0,-1.0,Abandonó,0,2025,1er Semestre,0,,
1196,1.3,2.9,3.2,4.3,7.7,-1.0,Promocionado,6,2025,1er Semestre,0,,
1197,5.5,-1.0,7.1,-1.0,-1.0,-1.0,Promocionado,7,2025,1er Semestre,0,,
1198,0.0,0.0,-1.0,-1.0,-1.0,-1.0,Abandonó,0,2025,1er Semestre,0,,
1199,-1.0,-1.0,-1.0,-1.0,-1.0,-1.0,Libre,0,2025,1er Semestre,0,,
1200,1.7,4.0,4.0,-1.0,-1.0,4.9,Desaprobado,0,2025,1er Semestre,0,,
1201,2.2,0.8,0.3,-1.0,-1.0,-1.0,Abandonó,0,2025,1er Semestre,0,,
1202,-1.0,-1.0,-1.0,-1.0,-1.0,-1.0,Libre,0,2025,1er Semestre,0,,
1203,0.0,1.8,0.0,-1.0,-1.0,-1.0,Abandonó,0,2025,1er Semestre,0,,
1204,-1.0,-1.0,-1.0,-1.0,-1.0,-1.0,Libre,0,2025,1er Semestre,0,,
1205,-1.0,-1.0,-1.0,-1.0,-1.0,-1.0,Libre,0,2025,1er Semestre,0,,
1206,0.3,-1.0,0.0,-1.0,-1.0,-1.0,Abandonó,0,2025,1er Semestre,0,,
1207,1.6,3.0,1.9,4.0,5.3,-1.0,Desaprobado,0,2025,1er Semestre,0,,
1208,5.5,-1.0,8.6,-1.0,-1.0,-1.0,Promocionado,7,2025,1er Semestre,0,,
1209,-1.0,-1.0,-1.0,-1.0,-1.0,-1.0,Libre,0,2025,1er Semestre,0,,
1210,3.3,5.0,4.6,7.0,-1.0,-1.0,Promocionado,6,2025,1er Semestre,0,,
1211,2.5,2.6,-1.0,-1.0,-1.0,-1.0,Abandonó,0,2025,1er Semestre,0,,
1212,4.0,6.3,3.2,7.9,-1.0,-1.0,Promocionado,7,2025,1er Semestre,0,,
1213,1.7,1.9,-1.0,-1.0,-1.0,-1.0,Abandonó,0,2025,1er Semestre,0,,
1214,3.6,5.2,-1.0,4.1,-1.0,5.6,Desaprobado,0,2025,1er Semestre,0,,
1215,3.3,3.1,-1.0,-1.0,-1.0,-1.0,Abandonó,0,2025,1er Semestre,0,,
1216,7.5,6.7,-1.0,-1.0,-1.0,7.5,Promocionado,7,2025,1er Semestre,0,,
1217,0.0,-1.0,0.0,-1.0,-1.0,-1.0,Abandonó,0,2025,1er Semestre,0,,
1218,4.5,-1.0,3.6,7.6,-1.0,-1.0,Promocionado,6,2025,1er Semestre,0,,
1219,2.8,4.0,3.2,6.5,5.5,-1.0,Promocionado,6,2025,1er Semestre,0,,
1220,1.0,1.2,-1.0,-1.0,-1.0,-1.0,Abandonó,0,2025,1er Semestre,0,,
1221,1.2,0.9,0.0,-1.0,-1.0,-1.0,Abandonó,0,2025,1er Semestre,0,,
1222,-1.0,-1.0,-1.0,-1.0,-1.0,-1.0,Libre,0,2025,1er Semestre,0,,
